kind,stable_id,first_name,last_name,full_name
free_agent,10089,Matthew,Heath,Matthew Heath
free_agent,10186,Noah,Shemwell,Noah Shemwell
free_agent,10195,Xavier,Bell,Xavier Bell
free_agent,10200,De'Andre,Hurst,De'Andre Hurst
free_agent,10208,Chris,Crounse,Chris Crounse
free_agent,10210,Brandon,De La Cruz,Brandon De La Cruz
free_agent,10212,Michael,Lodge,Michael Lodge
free_agent,10213,Frank,Lindsey,Frank Lindsey
free_agent,10214,Emmanuel,Smith,Emmanuel Smith
free_agent,10216,Tionne,Archield Jr.,Tionne Archield Jr.
free_agent,10217,Jalen,Neider,Jalen Neider
free_agent,10218,Quentin,Johnson,Quentin Johnson
free_agent,10222,PJ,Chapman,PJ Chapman
free_agent,10223,Amari,Bradley,Amari Bradley
free_agent,10225,Taji,Williams,Taji Williams
free_agent,10228,Rhys,Pickett,Rhys Pickett
free_agent,10229,Kai,Hall,Kai Hall
free_agent,10235,Skyler,Trick,Skyler Trick
free_agent,10236,Demonte,Ingram,Demonte Ingram
free_agent,10237,Kaden,Brown,Kaden Brown
free_agent,10239,Johnny,Harden,Johnny Harden
free_agent,10245,Peyton,Steele,Peyton Steele
free_agent,10251,Uar,Williams,Uar Williams
free_agent,10837,Enock,Boston,Enock Boston
free_agent,10939,Damone,Spencer,Damone Spencer
free_agent,1137,Martin,Malone,Martin Malone
free_agent,1150,Victor,Pavia,Victor Pavia
free_agent,1169,Allister,Edozie,Allister Edozie
free_agent,1272,Aqil,Hoffman,Aqil Hoffman
free_agent,12828,Bennett,Ivey,Bennett Ivey
free_agent,1290,Tommy,Martin,Tommy Martin
free_agent,1336,Jayden,Singleton,Jayden Singleton
free_agent,1448,Da'Shawn,Washington,Da'Shawn Washington
free_agent,14655,Trent,Lucas,Trent Lucas
free_agent,14662,Owen,Singleton Jr.,Owen Singleton Jr.
free_agent,14681,Jakolbi,Carpenter,Jakolbi Carpenter
free_agent,14729,Jack,Ramirez,Jack Ramirez
free_agent,14735,Sidney,St. Andre,Sidney St. Andre
free_agent,14835,Myrone,Mock,Myrone Mock
free_agent,14891,Tre,Levis,Tre Levis
free_agent,14892,Cooper,Gesky,Cooper Gesky
free_agent,14952,Kaden,Whitacre,Kaden Whitacre
free_agent,14978,Grayson,Bandy,Grayson Bandy
free_agent,14983,Maverick,Andrews,Maverick Andrews
free_agent,15009,Jon,Rigsby,Jon Rigsby
free_agent,15017,Joseph,Coleman,Joseph Coleman
free_agent,15040,Shamar,Lahm,Shamar Lahm
free_agent,15047,Jaylin,Horsley,Jaylin Horsley
free_agent,15062,Teddy,Weaver,Teddy Weaver
free_agent,15115,Charlie,Jackson,Charlie Jackson
free_agent,15136,Jay,Danitz,Jay Danitz
free_agent,15183,Chris,Olotu-Judah,Chris Olotu-Judah
free_agent,15186,Jiquavious,Allen,Jiquavious Allen
free_agent,15228,Rahsjon,Taylor,Rahsjon Taylor
free_agent,15271,Jojo,Conrad,Jojo Conrad
free_agent,15310,Jayon,Lee,Jayon Lee
free_agent,15365,Jackson,Fourqurean,Jackson Fourqurean
free_agent,16147,Deuce,Mims,Deuce Mims
free_agent,16154,Mitchell,Ban,Mitchell Ban
free_agent,16256,Bennett,Le Jeune,Bennett Le Jeune
free_agent,16301,Tyrell,Manu,Tyrell Manu
free_agent,16335,Isaiah,Biggers,Isaiah Biggers
free_agent,16358,Xavier,Premer,Xavier Premer
free_agent,16398,Charles,Brinson,Charles Brinson
free_agent,1815,A.J.,Searight,A.J. Searight
free_agent,183,Jayden,Stevenson,Jayden Stevenson
free_agent,20452,Alex,Muse,Alex Muse
free_agent,20655,A.J.,Lawrence,A.J. Lawrence
free_agent,20672,Kyle,Murphy,Kyle Murphy
free_agent,20950,Jordan,Otis,Jordan Otis
free_agent,20978,Josiah,Henry,Josiah Henry
free_agent,21163,Jackson,Urionabarrenechea,Jackson Urionabarrenechea
free_agent,21253,Drew,Dukes III,Drew Dukes III
free_agent,21282,Kendall,Smothers,Kendall Smothers
free_agent,21403,Kooper,Boyd,Kooper Boyd
free_agent,21487,Hunter,Greaves,Hunter Greaves
free_agent,21596,Anthony,Sanford,Anthony Sanford
free_agent,21605,Amir,Cuevas,Amir Cuevas
free_agent,21629,Jordan,Raynor,Jordan Raynor
free_agent,21644,Quentin,Munroe,Quentin Munroe
free_agent,21843,Leo,Washington,Leo Washington
free_agent,21993,Keisean,Grant,Keisean Grant
free_agent,22087,Alex,Jones,Alex Jones
free_agent,22109,Connor,Sneed,Connor Sneed
free_agent,22134,Trent,Kaak,Trent Kaak
free_agent,22178,Trey,Duff,Trey Duff
free_agent,22289,Brendyn,Barnes,Brendyn Barnes
free_agent,22306,Jaylon,Hufanga,Jaylon Hufanga
free_agent,22438,Luke,Hallum,Luke Hallum
free_agent,22461,Naytel,Gunn,Naytel Gunn
free_agent,22480,Eli,Miller,Eli Miller
free_agent,22530,Tobias,Johnson,Tobias Johnson
free_agent,22550,Khurtiss,Hester,Khurtiss Hester
free_agent,22590,Hyrum,Shovlin,Hyrum Shovlin
free_agent,22596,Deven,Shepard,Deven Shepard
free_agent,22646,Ian,Downer,Ian Downer
free_agent,22662,Mylachi,Carwise,Mylachi Carwise
free_agent,22687,Kendal,Jackson,Kendal Jackson
free_agent,22718,Wayne,Thomeson,Wayne Thomeson
free_agent,22780,Alexander,Thomas,Alexander Thomas
free_agent,22834,Kaylon,Pleasants,Kaylon Pleasants
free_agent,22860,Ishmel,Knight,Ishmel Knight
free_agent,22975,Alex,Miles,Alex Miles
free_agent,22983,Jackson,Fiacable,Jackson Fiacable
free_agent,23043,Mekhai,Coleman,Mekhai Coleman
free_agent,23080,Keaton,Rupert,Keaton Rupert
free_agent,23091,Keylan,Clyburn,Keylan Clyburn
free_agent,23119,Eric,Richter,Eric Richter
free_agent,23262,Elijah,Burrell,Elijah Burrell
free_agent,23264,Peyton,Spillman,Peyton Spillman
free_agent,23344,Eseosa,Tanner,Eseosa Tanner
free_agent,23366,Kaleb,Motuapuaka,Kaleb Motuapuaka
free_agent,23369,Antoine,Meyer,Antoine Meyer
free_agent,4607,Tyler,Packer,Tyler Packer
free_agent,4613,J.Michael,Steely,J.Michael Steely
free_agent,4643,DeSean,Lockhart,DeSean Lockhart
free_agent,4654,Rodrick,Perea,Rodrick Perea
free_agent,4667,Josh,Foster,Josh Foster
free_agent,4671,Cayden,Stewart III,Cayden Stewart III
free_agent,4679,Brian,Adams,Brian Adams
free_agent,4692,Keiton,Washington,Keiton Washington
free_agent,4709,Lander,Gilmore,Lander Gilmore
free_agent,4717,Cooper,Caldwell,Cooper Caldwell
free_agent,4725,Jakorion,Brandel,Jakorion Brandel
free_agent,4730,Tory,Holmes,Tory Holmes
free_agent,4734,Sandro,Welch,Sandro Welch
free_agent,4747,Brenton,Telona,Brenton Telona
free_agent,4762,Jamaal,Fowler-Nicolosi,Jamaal Fowler-Nicolosi
free_agent,4770,Caleb,Campbell,Caleb Campbell
free_agent,4773,Kevin,Harris,Kevin Harris
free_agent,4775,Lucas,Chapman,Lucas Chapman
free_agent,4776,Justin,MacFarlane,Justin MacFarlane
free_agent,4778,Teddy,Allen Jr.,Teddy Allen Jr.
free_agent,4781,Prayer,Woods,Prayer Woods
free_agent,4782,Ben,Karner,Ben Karner
free_agent,9988,Jacob,Battle,Jacob Battle
seed,P0001,Ellis,McCutchin,Ellis McCutchin
seed,P0002,Tre,Calhoun,Tre Calhoun
seed,P0003,Grant,Buchanan,Grant Buchanan
seed,P0004,Terrell,Malone,Terrell Malone
seed,P0005,Ethan,Walker,Ethan Walker
seed,P0006,Darrell,Sims,Darrell Sims
seed,P0007,RJ,Davis Jr.,RJ Davis Jr.
seed,P0008,Devan,Whyce,Devan Whyce
seed,P0009,Steven,Suominen,Steven Suominen
seed,P0010,Arian,Brew,Arian Brew
seed,P0011,Deji,Griffin,Deji Griffin
seed,P0012,Silas,Fisher,Silas Fisher
seed,P0013,Erik,Willis,Erik Willis
seed,P0014,Demick,Crenshaw-Dickson,Demick Crenshaw-Dickson
seed,P0015,Trevon,Roser,Trevon Roser
seed,P0016,Jett,Clark,Jett Clark
seed,P0017,Addison,Bryant,Addison Bryant
seed,P0018,Kosci,Forsythe,Kosci Forsythe
seed,P0019,Jonas,Simmons,Jonas Simmons
seed,P0020,Noah,Ervin,Noah Ervin
seed,P0021,Nasir,Marshall,Nasir Marshall
seed,P0022,Jonathan,Cooley,Jonathan Cooley
seed,P0023,Will,Boehle,Will Boehle
seed,P0024,Derrick,Thompson,Derrick Thompson
seed,P0025,Tahjae,Murphy,Tahjae Murphy
seed,P0026,Jacory,Taufatofua,Jacory Taufatofua
seed,P0027,Hayden,Ripp,Hayden Ripp
seed,P0028,Grant,Longstreet,Grant Longstreet
seed,P0029,Antarron,Hampton,Antarron Hampton
seed,P0030,Ja'Mez,Cooper,Ja'Mez Cooper
seed,P0031,Nathan,Bounds,Nathan Bounds
seed,P0032,Ren,DiGiorgio,Ren DiGiorgio
seed,P0033,Walker,Grubbs,Walker Grubbs
seed,P0034,Kris,Bates,Kris Bates
seed,P0035,John,Platt,John Platt
seed,P0036,Logan,Jones Jr.,Logan Jones Jr.
seed,P0037,Matthew,Riggs,Matthew Riggs
seed,P0038,Malcolm,Heckel,Malcolm Heckel
seed,P0039,Ronnie,Turner,Ronnie Turner
seed,P0040,Connor,Byrd,Connor Byrd
seed,P0041,Tray,VerSteeg,Tray VerSteeg
seed,P0042,Darrell,Thues,Darrell Thues
seed,P0043,Lafoga,Bates,Lafoga Bates
seed,P0044,Justin,Brame,Justin Brame
seed,P0045,Mitch,Orange,Mitch Orange
seed,P0046,Reece,M'Pemba,Reece M'Pemba
seed,P0047,Markee,Spafford,Markee Spafford
seed,P0048,Cortez,Hatton Jr.,Cortez Hatton Jr.
seed,P0049,Will,Robinson,Will Robinson
seed,P0050,Layden,Johnson,Layden Johnson
seed,P0051,Eric,Crowell,Eric Crowell
seed,P0052,Brady,Hudson,Brady Hudson
seed,P0053,Jayden,Francavilla,Jayden Francavilla
seed,P0054,Kevin,Rehkow,Kevin Rehkow
seed,P0055,Cam,Slayden,Cam Slayden
seed,P0056,AJ,Vincent,AJ Vincent
seed,P0057,Keldric,Williams,Keldric Williams
seed,P0058,Colin,Meeker,Colin Meeker
seed,P0059,Ruben,Brandt,Ruben Brandt
seed,P0060,Raymond,Thompkins,Raymond Thompkins
seed,P0061,Brandon,McNab,Brandon McNab
seed,P0062,Emmet,Bate,Emmet Bate
seed,P0063,Malik,Moore,Malik Moore
seed,P0064,Cameron,Ward,Cameron Ward
seed,P0065,Grayson,Westover,Grayson Westover
seed,P0066,Brendon,Black,Brendon Black
seed,P0067,Russell,Tracy,Russell Tracy
seed,P0068,Maurice,Borodychuk,Maurice Borodychuk
seed,P0069,Jamarion,Schott,Jamarion Schott
seed,P0070,Vaughn,Moore,Vaughn Moore
seed,P0071,Daiquan,Moses,Daiquan Moses
seed,P0072,Jovesa,Sidney,Jovesa Sidney
seed,P0073,Julian,Flanigan,Julian Flanigan
seed,P0074,Micah,Sperling,Micah Sperling
seed,P0075,Nick,Elliott,Nick Elliott
seed,P0076,Kamari,Lewis,Kamari Lewis
seed,P0077,Kaian,Gebhardt,Kaian Gebhardt
seed,P0078,Riley,Ryland,Riley Ryland
seed,P0079,Fletcher,Holmes,Fletcher Holmes
seed,P0080,Bucci,Bresee,Bucci Bresee
seed,P0081,Marc,Jordan,Marc Jordan
seed,P0082,Nate,Messer,Nate Messer
seed,P0083,Brenen,Wimbush,Brenen Wimbush
seed,P0084,Darold,Hendryx,Darold Hendryx
seed,P0085,Ejiro,Mascarenas-Arnold,Ejiro Mascarenas-Arnold
seed,P0086,Cooper,Edgeworth,Cooper Edgeworth
seed,P0087,Mason,Taulanga,Mason Taulanga
seed,P0088,Logan,Yelder,Logan Yelder
seed,P0089,Channing,Johnson,Channing Johnson
seed,P0090,TK,McKinney,TK McKinney
seed,P0091,William,Robinson,William Robinson
seed,P0092,Hunter,Chen,Hunter Chen
seed,P0093,Kayo,Kinsey,Kayo Kinsey
seed,P0094,Chris,Strayhorn,Chris Strayhorn
seed,P0095,Cam,Kiker,Cam Kiker
seed,P0096,Jamih,Hooker,Jamih Hooker
seed,P0097,Dalesean,Gotkowski,Dalesean Gotkowski
seed,P0098,Jadon,Wesley,Jadon Wesley
seed,P0099,Jayden,Ludwig,Jayden Ludwig
seed,P0100,Michell,Riley,Michell Riley
seed,P0101,Kortez,Perryman,Kortez Perryman
seed,P0102,Julian,Gadsden,Julian Gadsden
seed,P0103,Domata,Kluse,Domata Kluse
seed,P0104,David,Shipps,David Shipps
seed,P0105,Vincent,Meadows,Vincent Meadows
seed,P0106,Shmar,Lee,Shmar Lee
seed,P0107,Christian,Carwise,Christian Carwise
seed,P0108,Zach,Burris,Zach Burris
seed,P0109,Drew,Edwards,Drew Edwards
seed,P0110,Kofi,Byard,Kofi Byard
seed,P0111,Brett,Naegle,Brett Naegle
seed,P0112,Jakevian,Torbor,Jakevian Torbor
seed,P0113,Trakarris,Pile,Trakarris Pile
seed,P0114,Tyler,Mayberry,Tyler Mayberry
seed,P0115,Anthony,Cox,Anthony Cox
seed,P0116,Jaxson,Shikenjanski,Jaxson Shikenjanski
seed,P0117,Daniel,Bujnoch,Daniel Bujnoch
seed,P0118,Kolaj,Wesley,Kolaj Wesley
seed,P0119,Winston,Lendsey-Vann,Winston Lendsey-Vann
seed,P0120,I'Marion,Little,I'Marion Little
seed,P0121,Wesley,Matthews,Wesley Matthews
seed,P0122,Trey,Hutchison,Trey Hutchison
seed,P0123,Qua,Fearbry,Qua Fearbry
seed,P0124,Cameron,Covey,Cameron Covey
seed,P0125,Jalen,Cobb,Jalen Cobb
seed,P0126,Brian,Iloh,Brian Iloh
seed,P0127,Sua,Gummer,Sua Gummer
seed,P0128,Bailey,Martin,Bailey Martin
seed,P0129,Gabe,Hale,Gabe Hale
seed,P0130,Rameir,Carter,Rameir Carter
seed,P0131,Matthew,Bridges,Matthew Bridges
seed,P0132,RJ,Johnson III,RJ Johnson III
seed,P0133,Cammeron,Campbell,Cammeron Campbell
seed,P0134,Kadin,Tillett,Kadin Tillett
seed,P0135,Christian,Ashe,Christian Ashe
seed,P0136,Damone,Triplett,Damone Triplett
seed,P0137,Matt,Huskey,Matt Huskey
seed,P0138,Cody,Moise,Cody Moise
seed,P0139,Otito,Sheridan,Otito Sheridan
seed,P0140,Jalyn,Pauley,Jalyn Pauley
seed,P0141,Alton,Kaufusi,Alton Kaufusi
seed,P0142,Ta'Shawn,Vitti,Ta'Shawn Vitti
seed,P0143,Nathan,Layous,Nathan Layous
seed,P0144,Isaiah,Burgess,Isaiah Burgess
seed,P0145,Harold,Jones,Harold Jones
seed,P0146,Christian,Belin IV,Christian Belin IV
seed,P0147,Christian,Pendleton,Christian Pendleton
seed,P0148,Zashon,Evehe,Zashon Evehe
seed,P0149,Kaiden,Crawford,Kaiden Crawford
seed,P0150,Jacquon,Ogumoro,Jacquon Ogumoro
seed,P0151,Tyson,Johnson Jr.,Tyson Johnson Jr.
seed,P0152,Tyler,Lucero,Tyler Lucero
seed,P0153,Jalen,Shaw,Jalen Shaw
seed,P0154,K.J.,White,K.J. White
seed,P0155,Michael,Bryant,Michael Bryant
seed,P0156,Jeremy,Esper,Jeremy Esper
seed,P0157,Nick,Washington,Nick Washington
seed,P0158,Jacobe,Lynch,Jacobe Lynch
seed,P0159,Luke,Benjamin,Luke Benjamin
seed,P0160,Daniel,Thues,Daniel Thues
seed,P0161,Hogan,Leach,Hogan Leach
seed,P0162,Curtis,Le Jeune,Curtis Le Jeune
seed,P0163,Griffin,Kilty,Griffin Kilty
seed,P0164,Taylor,Strickland,Taylor Strickland
seed,P0165,Kason,Shanklin,Kason Shanklin
seed,P0166,Evan,Abbey,Evan Abbey
seed,P0167,Marcus,Forsha,Marcus Forsha
seed,P0168,Knijeah,Chambers,Knijeah Chambers
seed,P0169,Alex,Anderson,Alex Anderson
seed,P0170,Barion,Homady,Barion Homady
seed,P0171,Aaron,Prentice,Aaron Prentice
seed,P0172,Jackson,Mickell,Jackson Mickell
seed,P0173,Kash,Rogers Jr.,Kash Rogers Jr.
seed,P0174,Rylan,Osman,Rylan Osman
seed,P0175,Landyn,Gadson,Landyn Gadson
seed,P0176,Travis,Jacobs Jr.,Travis Jacobs Jr.
seed,P0177,Jackson,Vakalahi,Jackson Vakalahi
seed,P0178,Darius,Grovesteen-Matchey,Darius Grovesteen-Matchey
seed,P0179,Stylz,Summers,Stylz Summers
seed,P0180,Jacob,Hammond,Jacob Hammond
seed,P0181,Kieran,Thumlert,Kieran Thumlert
seed,P0182,Sam,Rivers,Sam Rivers
seed,P0183,Will,Teller,Will Teller
seed,P0184,Brandon,Sarkodie,Brandon Sarkodie
seed,P0185,Javante,Johnson,Javante Johnson
seed,P0186,Steven,Jamison-Travis,Steven Jamison-Travis
seed,P0187,Jaiden,Finley,Jaiden Finley
seed,P0188,Christian,Stringfellow,Christian Stringfellow
seed,P0189,Shazz,Hamilton,Shazz Hamilton
seed,P0190,KJ,Kinsler,KJ Kinsler
seed,P0191,Tyler,Hinton,Tyler Hinton
seed,P0192,Maalik,Cowing,Maalik Cowing
seed,P0193,Trevor,Badie,Trevor Badie
seed,P0194,Jaylen,Parker,Jaylen Parker
seed,P0195,Hudson,Bradley,Hudson Bradley
seed,P0196,Johnny,Anthony,Johnny Anthony
seed,P0197,Ben,Brooks,Ben Brooks
seed,P0198,George,Jordan,George Jordan
seed,P0199,Jameel,Sanders,Jameel Sanders
seed,P0200,Dre,Elliss,Dre Elliss
seed,P0201,Josiah,Wrbanek,Josiah Wrbanek
seed,P0202,Braylon,Sinatra,Braylon Sinatra
seed,P0203,Ronald,Rodgers,Ronald Rodgers
seed,P0204,Bryce,Hickle,Bryce Hickle
seed,P0205,Joshua,Fillmore,Joshua Fillmore
seed,P0206,Sterling,James,Sterling James
seed,P0207,Christopher,Walker,Christopher Walker
seed,P0208,Evan,Tafiti,Evan Tafiti
seed,P0209,Nykobi,Crim,Nykobi Crim
seed,P0210,Garret,Nickel,Garret Nickel
seed,P0211,Caleb,Anderson,Caleb Anderson
seed,P0212,Colin,Harris,Colin Harris
seed,P0213,Grant,Joseph,Grant Joseph
seed,P0214,Michael,Harder,Michael Harder
seed,P0215,Darold,Leathers,Darold Leathers
seed,P0216,Mohamed,Owusu-Boateng,Mohamed Owusu-Boateng
seed,P0217,Cortavious,Obiazor,Cortavious Obiazor
seed,P0218,Mekhi,Lyons,Mekhi Lyons
seed,P0219,Aaron,Robinson,Aaron Robinson
seed,P0220,Garett,Clardy,Garett Clardy
seed,P0221,Cameron,Worley,Cameron Worley
seed,P0222,Mateo,Davis,Mateo Davis
seed,P0223,Cade,Puni,Cade Puni
seed,P0224,Qadir,Driskell,Qadir Driskell
seed,P0225,Jaylen,Wallace,Jaylen Wallace
seed,P0226,Samuel,Miller,Samuel Miller
seed,P0227,Sam,Cusano,Sam Cusano
seed,P0228,Hayden,Heck,Hayden Heck
seed,P0229,Joseph,Stukes,Joseph Stukes
seed,P0230,Phillip,Woodland,Phillip Woodland
seed,P0231,Zy,Cherry,Zy Cherry
seed,P0232,Owen,Santana-Diaz,Owen Santana-Diaz
seed,P0233,Anthony,Hampton,Anthony Hampton
seed,P0234,Isaac,Mitchell Jr.,Isaac Mitchell Jr.
seed,P0235,Luke,Braun,Luke Braun
seed,P0236,Riley,Antai,Riley Antai
seed,P0237,Roman,Mallory,Roman Mallory
seed,P0238,Rashad,Richter,Rashad Richter
seed,P0239,Daijahn,McNulty,Daijahn McNulty
seed,P0240,Edward,Osterman,Edward Osterman
seed,P0241,Donte,Hansen,Donte Hansen
seed,P0242,Charleston,Dixon,Charleston Dixon
seed,P0243,Christian,Holmes,Christian Holmes
seed,P0244,Thomas,Fortson,Thomas Fortson
seed,P0245,Dominick,Boone-Nelson II,Dominick Boone-Nelson II
seed,P0246,Caleb,Brooks,Caleb Brooks
seed,P0247,Connor,Martin Jr.,Connor Martin Jr.
seed,P0248,Cole,Barber,Cole Barber
seed,P0249,Zoram,Martin,Zoram Martin
seed,P0250,Jonah,Devillier,Jonah Devillier
seed,P0251,Carde,Puckett,Carde Puckett
seed,P0252,Kyten,Taylor,Kyten Taylor
seed,P0253,Kamari,Smith,Kamari Smith
seed,P0254,Samuel,Williams,Samuel Williams
seed,P0255,Lawrence,Kite,Lawrence Kite
seed,P0256,Kingtriton,Patrick,Kingtriton Patrick
seed,P0257,Warren,Henderson III,Warren Henderson III
seed,P0258,Travis,Benton,Travis Benton
seed,P0259,R.J.,Ashford,R.J. Ashford
seed,P0260,Hayden,Rodriguez,Hayden Rodriguez
seed,P0261,Boston,Henderson,Boston Henderson
seed,P0262,Tyler,Matthews,Tyler Matthews
seed,P0263,Kurtis,Sanders,Kurtis Sanders
seed,P0264,Ryan,Simpson,Ryan Simpson
seed,P0265,Casey,McGann,Casey McGann
seed,P0266,Salesi,Bauer,Salesi Bauer
seed,P0267,MJ,Hatton Jr.,MJ Hatton Jr.
seed,P0268,Jalile,Hay,Jalile Hay
seed,P0269,Jonathan,Carmicle,Jonathan Carmicle
seed,P0270,Cooper,Oniha,Cooper Oniha
seed,P0271,Jevon,Verdugo,Jevon Verdugo
seed,P0272,Javon,Cox,Javon Cox
seed,P0273,Keith,Hudson,Keith Hudson
seed,P0274,Gentry,Vincent,Gentry Vincent
seed,P0275,Keegan,Milton,Keegan Milton
seed,P0276,Braedyn,Purdy,Braedyn Purdy
seed,P0277,Witten,Heyward,Witten Heyward
seed,P0278,Charlie,Vaikona,Charlie Vaikona
seed,P0279,Dexter,Volson,Dexter Volson
seed,P0280,Ryan,Sarkodieh,Ryan Sarkodieh
seed,P0281,Whitt,Murphy-Bunting,Whitt Murphy-Bunting
seed,P0282,Dre,Williams,Dre Williams
seed,P0283,Mohamed,Brown,Mohamed Brown
seed,P0284,TJ,Coleman Jr.,TJ Coleman Jr.
seed,P0285,Xavier,Redeaux,Xavier Redeaux
seed,P0286,Kemari,Reeder,Kemari Reeder
seed,P0287,Cai,Hughes,Cai Hughes
seed,P0288,Marcus,Hunter,Marcus Hunter
seed,P0289,Seth,Herring,Seth Herring
seed,P0290,Jude,Guillory,Jude Guillory
seed,P0291,Aidan,Fort,Aidan Fort
seed,P0292,Akeondre,Thomas,Akeondre Thomas
seed,P0293,Lyviel,Tchienchou,Lyviel Tchienchou
seed,P0294,RJ,Black,RJ Black
seed,P0295,Tanner,Simmons,Tanner Simmons
seed,P0296,Ekene,Green,Ekene Green
seed,P0297,James,Ashley,James Ashley
seed,P0298,Diego,Barber,Diego Barber
seed,P0299,Aaron,Bowens,Aaron Bowens
seed,P0300,Landon,Gowers,Landon Gowers
seed,P0301,Gemari,Brown,Gemari Brown
seed,P0302,Damien,Mayo,Damien Mayo
seed,P0303,Blake,Weston,Blake Weston
seed,P0304,Bryson,Plazz,Bryson Plazz
seed,P0305,Braden,Sherfield,Braden Sherfield
seed,P0306,Jaiden,Tallman,Jaiden Tallman
seed,P0307,DeMarcco,Martin-Robinson,DeMarcco Martin-Robinson
seed,P0308,Rinaldo,Lozowicki,Rinaldo Lozowicki
seed,P0309,Wesley,Jimcoily,Wesley Jimcoily
seed,P0310,Jayvon,Dulcich,Jayvon Dulcich
seed,P0311,Desmond,Hicks,Desmond Hicks
seed,P0312,Drake,Carrier,Drake Carrier
seed,P0313,Jason,O'Connor,Jason O'Connor
seed,P0314,Evan,Trapilo,Evan Trapilo
seed,P0315,Judah,Beebe,Judah Beebe
seed,P0316,Kalan,Taulanga,Kalan Taulanga
seed,P0317,Tyler,Mayfield,Tyler Mayfield
seed,P0318,Phidarian,Stout,Phidarian Stout
seed,P0319,AJ,Cochnauer,AJ Cochnauer
seed,P0320,Aidan,McMillen,Aidan McMillen
seed,P0321,Myles,Roker III,Myles Roker III
seed,P0322,Bryson,Wayburn,Bryson Wayburn
seed,P0323,Julien,Nordgaard,Julien Nordgaard
seed,P0324,Max,Iya,Max Iya
seed,P0325,Madden,Wilson,Madden Wilson
seed,P0326,Davon,McMillian,Davon McMillian
seed,P0327,Cam,Reddish,Cam Reddish
seed,P0328,Aidan,Wilson,Aidan Wilson
seed,P0329,Gottlieb,Bates,Gottlieb Bates
seed,P0330,Austin,Marks,Austin Marks
seed,P0331,Austyn,Gunter,Austyn Gunter
seed,P0332,Owen,Edmonson,Owen Edmonson
seed,P0333,Kahden,Douglas,Kahden Douglas
seed,P0334,Cody,Williams,Cody Williams
seed,P0335,Austin,French,Austin French
seed,P0336,Donnell,Lewis,Donnell Lewis
seed,P0337,Jadyn,Hayes,Jadyn Hayes
seed,P0338,Samuel,Black,Samuel Black
seed,P0339,Andrew,Norman,Andrew Norman
seed,P0340,Lawson,Schleicher,Lawson Schleicher
seed,P0341,Eli,Stanyer,Eli Stanyer
seed,P0342,Christian,Hallum,Christian Hallum
seed,P0343,EJ,Tiernan,EJ Tiernan
seed,P0344,Tommy,Morgan,Tommy Morgan
seed,P0345,Raider,Limbaugh,Raider Limbaugh
seed,P0346,DJ,Reid,DJ Reid
seed,P0347,Anthony,Harris,Anthony Harris
seed,P0348,Jamarion,Obidegwu,Jamarion Obidegwu
seed,P0349,Keenan,Hoffler,Keenan Hoffler
seed,P0350,Noah,Epps,Noah Epps
seed,P0351,Jake,Mathis Jr.,Jake Mathis Jr.
seed,P0352,Troy,Osada,Troy Osada
seed,P0353,Federico,Siereveld,Federico Siereveld
seed,P0354,Jonah,Jones,Jonah Jones
seed,P0355,Heath,Williams,Heath Williams
seed,P0356,Kaden,Williams,Kaden Williams
seed,P0357,Isaiah,Folk,Isaiah Folk
seed,P0358,Harvey,Dixson,Harvey Dixson
seed,P0359,Blake,Woodaz,Blake Woodaz
seed,P0360,Cason,Crethers,Cason Crethers
seed,P0361,Sione Leti,Griffin,Sione Leti Griffin
seed,P0362,Montavious,Mims,Montavious Mims
seed,P0363,Ashaad,Resar,Ashaad Resar
seed,P0364,Derrick,Condoll,Derrick Condoll
seed,P0365,Jack,Carlisle,Jack Carlisle
seed,P0366,DJ,Guerra,DJ Guerra
seed,P0367,Sidney,Stancil,Sidney Stancil
seed,P0368,Juan,Smith,Juan Smith
seed,P0369,Titus,Davis,Titus Davis
seed,P0370,Trey,Jenkins,Trey Jenkins
seed,P0371,Hudauri,Reiman,Hudauri Reiman
seed,P0372,Fox,Pyburn,Fox Pyburn
seed,P0373,Shavar,Gray,Shavar Gray
seed,P0374,Blaze,Barker,Blaze Barker
seed,P0375,Jackson,Kamara,Jackson Kamara
seed,P0376,Jartavius,Riggs,Jartavius Riggs
seed,P0377,Ennis,Webb III,Ennis Webb III
seed,P0378,Tony,Tafa,Tony Tafa
seed,P0379,KJ,Buchys,KJ Buchys
seed,P0380,Tyshawn,Tastad,Tyshawn Tastad
seed,P0381,Samson,Carter,Samson Carter
seed,P0382,Andrew,Martin,Andrew Martin
seed,P0383,Evan,Lovett,Evan Lovett
seed,P0384,Sammy,Sykes Jr.,Sammy Sykes Jr.
seed,P0385,DeVonta,Oratokhai,DeVonta Oratokhai
seed,P0386,Kristian,Edwin,Kristian Edwin
seed,P0387,Solomon,John,Solomon John
seed,P0388,Rickey,Mathis,Rickey Mathis
seed,P0389,Ja'Sir,Bentley,Ja'Sir Bentley
seed,P0390,Ameir,Platt Jr.,Ameir Platt Jr.
seed,P0391,Jaylen,Horn,Jaylen Horn
seed,P0392,Nick,Walker,Nick Walker
seed,P0393,Rico,Keeley,Rico Keeley
seed,P0394,Justius,Kelley,Justius Kelley
seed,P0395,Tyler,Mandell,Tyler Mandell
seed,P0396,Justin,Hooker,Justin Hooker
seed,P0397,Dominic,Price-Law,Dominic Price-Law
seed,P0398,Joel,Carter,Joel Carter
seed,P0399,Ryan,Cooper,Ryan Cooper
seed,P0400,Mason,Carey,Mason Carey
seed,P0401,Max,McMullin,Max McMullin
seed,P0402,Sammy,Allen,Sammy Allen
seed,P0403,Keon,Smith,Keon Smith
seed,P0404,Landyn,Johnson Jr.,Landyn Johnson Jr.
seed,P0405,Steven,Pennix,Steven Pennix
seed,P0406,Trequan,Smith,Trequan Smith
seed,P0407,Ashten,Oquendo,Ashten Oquendo
seed,P0408,Meliq,Holmes,Meliq Holmes
seed,P0409,Jayshon,Roche,Jayshon Roche
seed,P0410,Kooper,Wesco Jr.,Kooper Wesco Jr.
seed,P0411,Will,Beasley,Will Beasley
seed,P0412,Dante,Holman,Dante Holman
seed,P0413,E'Zaiah,Bell,E'Zaiah Bell
seed,P0414,Davis,Bell,Davis Bell
seed,P0415,Keviyan,Kutas,Keviyan Kutas
seed,P0416,Kadin,Highsmith,Kadin Highsmith
seed,P0417,Sidney,Sirmon,Sidney Sirmon
seed,P0418,Javen,Balver-Mendoza,Javen Balver-Mendoza
seed,P0419,Arthur,Lance,Arthur Lance
seed,P0420,Matthew,Rucker,Matthew Rucker
seed,P0421,Daniel,McFerson,Daniel McFerson
seed,P0422,Ahmani,Mackey,Ahmani Mackey
seed,P0423,Malachi,Duska,Malachi Duska
seed,P0424,Kendrick,Hawk,Kendrick Hawk
seed,P0425,Josh,Gainer,Josh Gainer
seed,P0426,Deshaun,Moa,Deshaun Moa
seed,P0427,Keenan,Myers,Keenan Myers
seed,P0428,David,Perdue,David Perdue
seed,P0429,Nick,Estrada,Nick Estrada
seed,P0430,Elijah,Cater Jr.,Elijah Cater Jr.
seed,P0431,Jaiden,Campbell,Jaiden Campbell
seed,P0432,Sharvon,Grady,Sharvon Grady
seed,P0433,Marwan,Klein,Marwan Klein
seed,P0434,Josh,Okwura,Josh Okwura
seed,P0435,Jonathan,Yousefzadeh,Jonathan Yousefzadeh
seed,P0436,Darius,Cairo,Darius Cairo
seed,P0437,Dalesean,Davis Jr.,Dalesean Davis Jr.
seed,P0438,Peyton,Riddle,Peyton Riddle
seed,P0439,Mason,Scott,Mason Scott
seed,P0440,Matt,Long Jr.,Matt Long Jr.
seed,P0441,Kenji,Graham,Kenji Graham
seed,P0442,Gabe,Hopperton,Gabe Hopperton
seed,P0443,Jake,Muse,Jake Muse
seed,P0444,Jaquaize,Stephens,Jaquaize Stephens
seed,P0445,Noah,Newman,Noah Newman
seed,P0446,Rayshawn,Keyes,Rayshawn Keyes
seed,P0447,Richard,Hemby,Richard Hemby
seed,P0448,Turner,Davis,Turner Davis
seed,P0449,Favour,St. Andre,Favour St. Andre
seed,P0450,Erwin,Barnes,Erwin Barnes
seed,P0451,Liam,Clary,Liam Clary
seed,P0452,Eli,Webb,Eli Webb
seed,P0453,Kurtis,Goodwin,Kurtis Goodwin
seed,P0454,Jordan,Kern,Jordan Kern
seed,P0455,Mazi,Biddle,Mazi Biddle
seed,P0456,Blake,Gipson Jr.,Blake Gipson Jr.
seed,P0457,Kam,Wiedmann,Kam Wiedmann
seed,P0458,Manasseh,Leonard,Manasseh Leonard
seed,P0459,Preston,Keegan,Preston Keegan
seed,P0460,Ben,Peterkin,Ben Peterkin
seed,P0461,Andre,Moson,Andre Moson
seed,P0462,Zaire,Johnson,Zaire Johnson
seed,P0463,Matai,Copeland,Matai Copeland
seed,P0464,Fisher,Krieg,Fisher Krieg
seed,P0465,Willie,Baker,Willie Baker
seed,P0466,Sai'vion,Baker,Sai'vion Baker
seed,P0467,Anthony,Laloulu,Anthony Laloulu
seed,P0468,Ian,League,Ian League
seed,P0469,Ezekiel,Reynolds Jr.,Ezekiel Reynolds Jr.
seed,P0470,Tony,Beers,Tony Beers
seed,P0471,Rome,Wright,Rome Wright
seed,P0472,DeAree,Kmet,DeAree Kmet
seed,P0473,Whit,Barnes,Whit Barnes
seed,P0474,Brennan,Wagenseller,Brennan Wagenseller
seed,P0475,Landry,Bomar,Landry Bomar
seed,P0476,Luke,Crawford,Luke Crawford
seed,P0477,Perry,Hunter,Perry Hunter
seed,P0478,Jonas,Birden,Jonas Birden
seed,P0479,Khordae,Spaulding,Khordae Spaulding
seed,P0480,Jaylin,Burgess Jr.,Jaylin Burgess Jr.
seed,P0481,Salem,Adkins,Salem Adkins
seed,P0482,Kene,Parson,Kene Parson
seed,P0483,Nnamdi,Kienholz,Nnamdi Kienholz
seed,P0484,Xayvion,Nicholson,Xayvion Nicholson
seed,P0485,DonTerry,Dempsey,DonTerry Dempsey
seed,P0486,Darryl,Callaway III,Darryl Callaway III
seed,P0487,Chase,James,Chase James
seed,P0488,Brayden,Upshaw Jr.,Brayden Upshaw Jr.
seed,P0489,Terron,Sangarie,Terron Sangarie
seed,P0490,Justin,Christian,Justin Christian
seed,P0491,Curtis,Wallin,Curtis Wallin
seed,P0492,Emanuel,Burke,Emanuel Burke
seed,P0493,Keishaun,Harper,Keishaun Harper
seed,P0494,Isaiah,Barr,Isaiah Barr
seed,P0495,Macho,Green,Macho Green
seed,P0496,Josh,Vakalahi,Josh Vakalahi
seed,P0497,Brady,Kilzer,Brady Kilzer
seed,P0498,Davin,Smith,Davin Smith
seed,P0499,Noah,Cole,Noah Cole
seed,P0500,Jaquan,Lawson,Jaquan Lawson
seed,P0501,Traylon,Abrams,Traylon Abrams
seed,P0502,Johnathan,Hohler,Johnathan Hohler
seed,P0503,Daivon,Cleveland,Daivon Cleveland
seed,P0504,Dwayne,Sellards,Dwayne Sellards
seed,P0505,AJ,Perkins,AJ Perkins
seed,P0506,Rodney,Lowe,Rodney Lowe
seed,P0507,Cooper,Lindstrom,Cooper Lindstrom
seed,P0508,Tyray,Bailey,Tyray Bailey
seed,P0509,Tito,Patterson,Tito Patterson
seed,P0510,Jeffrey,Jeffries,Jeffrey Jeffries
seed,P0511,Delaney,Wilkins,Delaney Wilkins
seed,P0512,Zechariah,Jones,Zechariah Jones
seed,P0513,Malcolm,Edmond,Malcolm Edmond
seed,P0514,DeAndre,Latimer II,DeAndre Latimer II
seed,P0515,Kamran,Robinson,Kamran Robinson
seed,P0516,Zane,Culp,Zane Culp
seed,P0517,Patrick,Spears,Patrick Spears
seed,P0518,KJ,Burgess,KJ Burgess
seed,P0519,Chris,Ramirez,Chris Ramirez
seed,P0520,Nate,Newhouse,Nate Newhouse
seed,P0521,Calvin,Miller,Calvin Miller
seed,P0522,Ryder,Lemieux,Ryder Lemieux
seed,P0523,Dara,James,Dara James
seed,P0524,Maurice,Croswell,Maurice Croswell
seed,P0525,Braxtyn,Allison,Braxtyn Allison
seed,P0526,Mikaio,Reinbold,Mikaio Reinbold
seed,P0527,Ryan,Moea'i,Ryan Moea'i
seed,P0528,Kamar,Voltaire,Kamar Voltaire
seed,P0529,Tyler,Reed,Tyler Reed
seed,P0530,Jaden,Wallin,Jaden Wallin
seed,P0531,Collin,Campbell,Collin Campbell
seed,P0532,Jayden,Grant,Jayden Grant
seed,P0533,Luke,Anderson,Luke Anderson
seed,P0534,Joseph,Solomon,Joseph Solomon
seed,P0535,BJ,Johnson,BJ Johnson
seed,P0536,Zeth,Chiles,Zeth Chiles
seed,P0537,Quinten,Sheridan,Quinten Sheridan
seed,P0538,Micah,Bowens III,Micah Bowens III
seed,P0539,Terry,Macon,Terry Macon
seed,P0540,Ryan,Jiles,Ryan Jiles
seed,P0541,Dre'Mont,Vorhees,Dre'Mont Vorhees
seed,P0542,Jordan,Bohanna,Jordan Bohanna
seed,P0543,Brian,Spell,Brian Spell
seed,P0544,Ameyr,Hemer,Ameyr Hemer
seed,P0545,Immanuel,Jefferson,Immanuel Jefferson
seed,P0546,Michael,Moses,Michael Moses
seed,P0547,Lonnie,Horsley,Lonnie Horsley
seed,P0548,Ayo,Woodson,Ayo Woodson
seed,P0549,Christian,Reyes,Christian Reyes
seed,P0550,Chris,McDonald,Chris McDonald
seed,P0551,Coby,Rumph,Coby Rumph
seed,P0552,Tre,Clarke,Tre Clarke
seed,P0553,Brandon,Ewell,Brandon Ewell
seed,P0554,Darius,Howse,Darius Howse
seed,P0555,Dereon,Espinoza,Dereon Espinoza
seed,P0556,Brown,Shoels,Brown Shoels
seed,P0557,Dawson,Hill,Dawson Hill
seed,P0558,Tyler,Ruggeroli,Tyler Ruggeroli
seed,P0559,Tyler,Odedele,Tyler Odedele
seed,P0560,Bryson,Moon,Bryson Moon
seed,P0561,Gavin,Clark-Glover,Gavin Clark-Glover
seed,P0562,Henry,Washington,Henry Washington
seed,P0563,Shalik,Brown,Shalik Brown
seed,P0564,Carmine,Sadiq,Carmine Sadiq
seed,P0565,Diezel,Sanders,Diezel Sanders
seed,P0566,Alex,Clark,Alex Clark
seed,P0567,Doug,Montgomery,Doug Montgomery
seed,P0568,Owen,Shelby,Owen Shelby
seed,P0569,Ty,Stone,Ty Stone
seed,P0570,Trey,Nelson,Trey Nelson
seed,P0571,Braylen,Turner,Braylen Turner
seed,P0572,Jamal,Jackson,Jamal Jackson
seed,P0573,Rod,Burnett,Rod Burnett
seed,P0574,Caleb,Roberts,Caleb Roberts
seed,P0575,Quentin,Cooper,Quentin Cooper
seed,P0576,Jacob,Mintz,Jacob Mintz
seed,P0577,Wahkeem,Sydnor,Wahkeem Sydnor
seed,P0578,Kekai,McDonald,Kekai McDonald
seed,P0579,Nick,Gosnell,Nick Gosnell
seed,P0580,Donovan,Hubbard,Donovan Hubbard
seed,P0581,Rex,Price,Rex Price
seed,P0582,Davison,Winston,Davison Winston
seed,P0583,Colton,Smith,Colton Smith
seed,P0584,Nicholas,Hill IV,Nicholas Hill IV
seed,P0585,Joseph,Gary,Joseph Gary
seed,P0586,Vanzale,Young-Blackgoat,Vanzale Young-Blackgoat
seed,P0587,Austen,Abuhamdeh,Austen Abuhamdeh
seed,P0588,Michael,Clark,Michael Clark
seed,P0589,Joe,Liebhardt,Joe Liebhardt
seed,P0590,Jevon,Howard,Jevon Howard
seed,P0591,Connor,Norris,Connor Norris
seed,P0592,Preston,Pickens,Preston Pickens
seed,P0593,Anthony,Foster,Anthony Foster
seed,P0594,Owen,Hampton,Owen Hampton
seed,P0595,Mikey,Fuhrmann,Mikey Fuhrmann
seed,P0596,Andre,Washington,Andre Washington
seed,P0597,Dory,Cheeks,Dory Cheeks
seed,P0598,Ozzy,Johnson,Ozzy Johnson
seed,P0599,Owen,Jacks,Owen Jacks
seed,P0600,Zeth,Bryant Jr.,Zeth Bryant Jr.
seed,P0601,Rodney,MacCormack III,Rodney MacCormack III
seed,P0602,Charly,Danitz,Charly Danitz
seed,P0603,Kyle,Osborne,Kyle Osborne
seed,P0604,Ric'Darious,Marshall Jr,Ric'Darious Marshall Jr
seed,P0605,Asa,Shanks,Asa Shanks
seed,P0606,Jonathan,Sfarcioc,Jonathan Sfarcioc
seed,P0607,Cale,Ma'ae,Cale Ma'ae
seed,P0608,Parker,Small,Parker Small
seed,P0609,Marcus,Wiggins,Marcus Wiggins
seed,P0610,Jeremiyah,Laing-Taylor,Jeremiyah Laing-Taylor
seed,P0611,Jewett,Keene,Jewett Keene
seed,P0612,Ben,Bloch,Ben Bloch
seed,P0613,Donovan,Hairston Jr.,Donovan Hairston Jr.
seed,P0614,Jamal,Yuhas,Jamal Yuhas
seed,P0615,Amahn,Brown,Amahn Brown
seed,P0616,Kiontre,Blackwell,Kiontre Blackwell
seed,P0617,AJ,Richman,AJ Richman
seed,P0618,Kendrick,Kelly,Kendrick Kelly
seed,P0619,Ashton,Hopper,Ashton Hopper
seed,P0620,Richard,Filsaime,Richard Filsaime
seed,P0621,Tony,Williams,Tony Williams
seed,P0622,Alex,Noland,Alex Noland
seed,P0623,Christian,Ka'apana,Christian Ka'apana
seed,P0624,Hollin,Towns,Hollin Towns
seed,P0625,Samuel,Zirkle,Samuel Zirkle
seed,P0626,JuJu,Hauck,JuJu Hauck
seed,P0627,Tre,Brantley,Tre Brantley
seed,P0628,Cameron,Currie,Cameron Currie
seed,P0629,Bralan,Nelson,Bralan Nelson
seed,P0630,Davray,Mahlman,Davray Mahlman
seed,P0631,Tei,Gray,Tei Gray
seed,P0632,Jayden,Carmona,Jayden Carmona
seed,P0633,Kyle,Bootle,Kyle Bootle
seed,P0634,DeAngelo,Harris,DeAngelo Harris
seed,P0635,Muaaz,Henderson III,Muaaz Henderson III
seed,P0636,Griffin,Pierce,Griffin Pierce
seed,P0637,Eian,McCoy,Eian McCoy
seed,P0638,Brady,Norwood,Brady Norwood
seed,P0639,Ramon,Cardona,Ramon Cardona
seed,P0640,Hudson,Nieves,Hudson Nieves
seed,P0641,Jace,Snead,Jace Snead
seed,P0642,Devin,Holmes,Devin Holmes
seed,P0643,Ryan,McLane,Ryan McLane
seed,P0644,Jack,Palano,Jack Palano
seed,P0645,Peyton,Cooper,Peyton Cooper
seed,P0646,JJ,Williams,JJ Williams
seed,P0647,Bryan,Martinez,Bryan Martinez
seed,P0648,Rayne,Ffrench,Rayne Ffrench
seed,P0649,Jamarrion,Gach,Jamarrion Gach
seed,P0650,Caleb,Meadows,Caleb Meadows
seed,P0651,Bryson,Tucker,Bryson Tucker
seed,P0652,Malik,Waters,Malik Waters
seed,P0653,Darion,Mattison,Darion Mattison
seed,P0654,Marcellus,Clifton,Marcellus Clifton
seed,P0655,Aaron,Buford,Aaron Buford
seed,P0656,Yousef,Johnson,Yousef Johnson
seed,P0657,Brody,Hillstead,Brody Hillstead
seed,P0658,Tomarrion,Danna,Tomarrion Danna
seed,P0659,Gil,Shikenjanski,Gil Shikenjanski
seed,P0660,Devon,Anyanwu,Devon Anyanwu
seed,P0661,Kentrell,Ward,Kentrell Ward
seed,P0662,Jordan,Lolohea,Jordan Lolohea
seed,P0663,Jayden,Myers,Jayden Myers
seed,P0664,Terik,Davis,Terik Davis
seed,P0665,Joshua,Thevenin,Joshua Thevenin
seed,P0666,Justice,Clayton,Justice Clayton
seed,P0667,Austin,Proctor,Austin Proctor
seed,P0668,Kaden,Hettwer,Kaden Hettwer
seed,P0669,Marshall,McMillen,Marshall McMillen
seed,P0670,Josh,Fitzgerald,Josh Fitzgerald
seed,P0671,Kamren,Warren,Kamren Warren
seed,P0672,Terrious,Stephens,Terrious Stephens
seed,P0673,Daniel,Okoye,Daniel Okoye
seed,P0674,Rakeem,Leonard,Rakeem Leonard
seed,P0675,Kaden,Thomas,Kaden Thomas
seed,P0676,DeAree,Luniewski,DeAree Luniewski
seed,P0677,Torin,Benford,Torin Benford
seed,P0678,Enyce,Bryant,Enyce Bryant
seed,P0679,Neville,Tuggle,Neville Tuggle
seed,P0680,Cameron,Boerkircher,Cameron Boerkircher
seed,P0681,Demetrius,Lovett,Demetrius Lovett
seed,P0682,Kedren,Pettigrew,Kedren Pettigrew
seed,P0683,Kobi,Davis,Kobi Davis
seed,P0684,Alex,Gray,Alex Gray
seed,P0685,Guylijah,Sewell,Guylijah Sewell
seed,P0686,Samuel,Pastoriza,Samuel Pastoriza
seed,P0687,Carter,Reddicks,Carter Reddicks
seed,P0688,Thomas,Wilson,Thomas Wilson
seed,P0689,Rodshaun,Moore,Rodshaun Moore
seed,P0690,Roman,Ingram,Roman Ingram
seed,P0691,Isaiah,Tuitama,Isaiah Tuitama
seed,P0692,Jovesa,Ajose,Jovesa Ajose
seed,P0693,Trent,Coleman,Trent Coleman
seed,P0694,Jaiden,Hoeft,Jaiden Hoeft
seed,P0695,Jayden,Goodman,Jayden Goodman
seed,P0696,Dillon,Larvadain,Dillon Larvadain
seed,P0697,Shamari,Shelton,Shamari Shelton
seed,P0698,Kedrick,Enagbare,Kedrick Enagbare
seed,P0699,Matt,Fields,Matt Fields
seed,P0700,Brandon,Campbell,Brandon Campbell
seed,P0701,Reice,Finau,Reice Finau
seed,P0702,Balint,Hudson,Balint Hudson
seed,P0703,Jayden,Bech,Jayden Bech
seed,P0704,Ethan,Burley,Ethan Burley
seed,P0705,Kash,Henderson III,Kash Henderson III
seed,P0706,Ari,McGahee IV,Ari McGahee IV
seed,P0707,Ryan,Alexander,Ryan Alexander
seed,P0708,Jacob,Favorite,Jacob Favorite
seed,P0709,Chris,Worthy,Chris Worthy
seed,P0710,Amariyun,Williams,Amariyun Williams
seed,P0711,Calvin,Sandell,Calvin Sandell
seed,P0712,Trey,Kiker,Trey Kiker
seed,P0713,Will,Thompson,Will Thompson
seed,P0714,Tao,Reed,Tao Reed
seed,P0715,Mark,Davis-Swain,Mark Davis-Swain
seed,P0716,Jamari,Darbonne,Jamari Darbonne
seed,P0717,Jonas,Ogbebor,Jonas Ogbebor
seed,P0718,Liam,Muschamp,Liam Muschamp
seed,P0719,Dru,Dorsey,Dru Dorsey
seed,P0720,Aydan,Bausley,Aydan Bausley
seed,P0721,Dominick,Umeh,Dominick Umeh
seed,P0722,Tory,Lewis,Tory Lewis
seed,P0723,Ajay,Martin,Ajay Martin
seed,P0724,Rahji,Rose,Rahji Rose
seed,P0725,Maddox,Clark,Maddox Clark
seed,P0726,Emanuel,Sirmon,Emanuel Sirmon
seed,P0727,Ahmad,Ojukwu,Ahmad Ojukwu
seed,P0728,Matthew,Austin,Matthew Austin
seed,P0729,Robert,Jandreau,Robert Jandreau
seed,P0730,Malijah,Cooper,Malijah Cooper
seed,P0731,Justen,Ozowalu,Justen Ozowalu
seed,P0732,Chase,Scott III,Chase Scott III
seed,P0733,Aquantis,Velling,Aquantis Velling
seed,P0734,Prince,Miller,Prince Miller
seed,P0735,Isaiah,Fulton,Isaiah Fulton
seed,P0736,Liam,Bruce,Liam Bruce
seed,P0737,Reston,Tatum,Reston Tatum
seed,P0738,Andy,Haynes,Andy Haynes
seed,P0739,Julius,Watkins Jr.,Julius Watkins Jr.
seed,P0740,Julius,Balogoun-Ali,Julius Balogoun-Ali
seed,P0741,Xavier,Absher,Xavier Absher
seed,P0742,Alika,Brown,Alika Brown
seed,P0743,Patrick,Jackson,Patrick Jackson
seed,P0744,Jamari,Buchanan,Jamari Buchanan
seed,P0745,Bobby,Skinner,Bobby Skinner
seed,P0746,Nick,Young,Nick Young
seed,P0747,Nakai,Gavin Jr.,Nakai Gavin Jr.
seed,P0748,Ethan,Ruiz,Ethan Ruiz
seed,P0749,Brady,Leach,Brady Leach
seed,P0750,Terry,Thomas,Terry Thomas
seed,P0751,Jalen,Hall,Jalen Hall
seed,P0752,Caden,Bridges,Caden Bridges
seed,P0753,Jack,Slibeck,Jack Slibeck
seed,P0754,Amorion,Barnes,Amorion Barnes
seed,P0755,Phoenix,Brown,Phoenix Brown
seed,P0756,Douglas,Gethers,Douglas Gethers
seed,P0757,Takaylen,Lapeze,Takaylen Lapeze
seed,P0758,Jaylon,Hancock,Jaylon Hancock
seed,P0759,Cameron,Downs,Cameron Downs
seed,P0760,Greg,Finau,Greg Finau
seed,P0761,Sichan,Aisosa,Sichan Aisosa
seed,P0762,Ryan,Best,Ryan Best
seed,P0763,Jalen,Augustine,Jalen Augustine
seed,P0764,Daniel,Smith,Daniel Smith
seed,P0765,Malachi,Watt,Malachi Watt
seed,P0766,Landen,Ka'aha'aina-Torres,Landen Ka'aha'aina-Torres
seed,P0767,Malachi,Vagana,Malachi Vagana
seed,P0768,James,Oliphant Jr.,James Oliphant Jr.
seed,P0769,Madden,Ward,Madden Ward
seed,P0770,Luke,Hampton,Luke Hampton
seed,P0771,Jake,Pirolli,Jake Pirolli
seed,P0772,Donovan,Wilson,Donovan Wilson
seed,P0773,David,Legette,David Legette
seed,P0774,Jordan,McDonald,Jordan McDonald
seed,P0775,RJ,Young-Blackgoat,RJ Young-Blackgoat
seed,P0776,Izayia,Swinson,Izayia Swinson
seed,P0777,Kaitori,Brinson,Kaitori Brinson
seed,P0778,Aaron,Bolden,Aaron Bolden
seed,P0779,Champ,Cook,Champ Cook
seed,P0780,AJ,Todd,AJ Todd
seed,P0781,Alani,Lee,Alani Lee
seed,P0782,Kevin,Rinaldi,Kevin Rinaldi
seed,P0783,Kode,Glenn,Kode Glenn
seed,P0784,Taeshaun,Winslow,Taeshaun Winslow
seed,P0785,Khalil,Bomar,Khalil Bomar
seed,P0786,Jackson,Bell,Jackson Bell
seed,P0787,Zacari,Pride,Zacari Pride
seed,P0788,Jacory,Murphy,Jacory Murphy
seed,P0789,Kai,Gist,Kai Gist
seed,P0790,Chidobe,Oliver,Chidobe Oliver
seed,P0791,Jake,Hall,Jake Hall
seed,P0792,Carlton,Nelson III,Carlton Nelson III
seed,P0793,Derrick,Onuoha,Derrick Onuoha
seed,P0794,Maddux,Lave,Maddux Lave
seed,P0795,Cade,Singleton,Cade Singleton
seed,P0796,Jacari,Thomas,Jacari Thomas
seed,P0797,Kendall,Weedon,Kendall Weedon
seed,P0798,Kyle,Thorson,Kyle Thorson
seed,P0799,Cameron,Lagway,Cameron Lagway
seed,P0800,Kendall,Clifton,Kendall Clifton
seed,P0801,Josh,Sahakian,Josh Sahakian
seed,P0802,Zyeir,Toney,Zyeir Toney
seed,P0803,Cedric,Havrisik,Cedric Havrisik
seed,P0804,Asa,Curtis,Asa Curtis
seed,P0805,TJ,Evans III,TJ Evans III
seed,P0806,Eddy,Tooley III,Eddy Tooley III
seed,P0807,Isiah,Davis,Isiah Davis
seed,P0808,Nigel,Smith,Nigel Smith
seed,P0809,TJ,Frederick Jr.,TJ Frederick Jr.
seed,P0810,Daylon,Nacua,Daylon Nacua
seed,P0811,Cameron,McIntosh,Cameron McIntosh
seed,P0812,Dia,Green Jr.,Dia Green Jr.
seed,P0813,Shadarian,Garrett,Shadarian Garrett
seed,P0814,Rohan,Davis,Rohan Davis
seed,P0815,Caden,Lecuona,Caden Lecuona
seed,P0816,Job,Taase,Job Taase
seed,P0817,Tyson,Barker,Tyson Barker
seed,P0818,Jonah,Priebe,Jonah Priebe
seed,P0819,Lucan,Sanders,Lucan Sanders
seed,P0820,Jahleel,Flowers,Jahleel Flowers
seed,P0821,Cameron,Newton,Cameron Newton
seed,P0822,Cedric,Miller,Cedric Miller
seed,P0823,Cordell,Bridgewater,Cordell Bridgewater
seed,P0824,Kyle,Chapman,Kyle Chapman
seed,P0825,Cole,Hight,Cole Hight
seed,P0826,Jayon,Woods,Jayon Woods
seed,P0827,Isaiah,Masdea,Isaiah Masdea
seed,P0828,John,Monteiro,John Monteiro
seed,P0829,Isaiah,Shipley,Isaiah Shipley
seed,P0830,Sebastian,Wells,Sebastian Wells
seed,P0831,Justin,Metz,Justin Metz
seed,P0832,Jordan,Powell,Jordan Powell
seed,P0833,RJ,Senda,RJ Senda
seed,P0834,Nathan,Becker,Nathan Becker
seed,P0835,Brandyn,Carroll,Brandyn Carroll
seed,P0836,Tedarius,Dorsey,Tedarius Dorsey
seed,P0837,Will,Mann,Will Mann
seed,P0838,Giyahni,McClain,Giyahni McClain
seed,P0839,Darius,Jean,Darius Jean
seed,P0840,Addison,Martin,Addison Martin
seed,P0841,Tremon,Williams,Tremon Williams
seed,P0842,Nate,Nolan,Nate Nolan
seed,P0843,DD,DuJour,DD DuJour
seed,P0844,Brady,Shaw,Brady Shaw
seed,P0845,Emanuel,Bray,Emanuel Bray
seed,P0846,Rasean,Batiste,Rasean Batiste
seed,P0847,Carmycah,Battle,Carmycah Battle
seed,P0848,Braxton,Mack,Braxton Mack
seed,P0849,Neto,Lukusa,Neto Lukusa
seed,P0850,Theo,Burke,Theo Burke
seed,P0851,Jonathan,Bluiett,Jonathan Bluiett
seed,P0852,Dylan,Gore,Dylan Gore
seed,P0853,Anelu,Mboumoua,Anelu Mboumoua
seed,P0854,Cape,Jones,Cape Jones
seed,P0855,Chris,Sloan,Chris Sloan
seed,P0856,Ty,Ferrelli,Ty Ferrelli
seed,P0857,Gabe,Cherry,Gabe Cherry
seed,P0858,Quincy,Ingram,Quincy Ingram
seed,P0859,Kris,Guthrie,Kris Guthrie
seed,P0860,Carter,Carter,Carter Carter
seed,P0861,Hunter,Ene,Hunter Ene
seed,P0862,Chris,Works,Chris Works
seed,P0863,Jayden,Mesman,Jayden Mesman
seed,P0864,Quantaves,Rue,Quantaves Rue
seed,P0865,Thomas,Bonsu,Thomas Bonsu
seed,P0866,Chris,Wallace,Chris Wallace
seed,P0867,Jaxon,Walker,Jaxon Walker
seed,P0868,Daniel,Perkins,Daniel Perkins
seed,P0869,Mel,Cashman,Mel Cashman
seed,P0870,Mateaki,Jones,Mateaki Jones
seed,P0871,Sterling,McIntosh,Sterling McIntosh
seed,P0872,Taijh,Hamblin,Taijh Hamblin
seed,P0873,Elvin,Osawe Jr.,Elvin Osawe Jr.
seed,P0874,Jaime,Lusardi,Jaime Lusardi
seed,P0875,Dylan,Plazz,Dylan Plazz
seed,P0876,Dean,Ozick,Dean Ozick
seed,P0877,Carson,Jackson,Carson Jackson
seed,P0878,Shawn,Melvin,Shawn Melvin
seed,P0879,Elijah,Vance,Elijah Vance
seed,P0880,Ambry,Kohl,Ambry Kohl
seed,P0881,Brady,Zimmer,Brady Zimmer
seed,P0882,Khamari,Cox,Khamari Cox
seed,P0883,Mauricio,Blood,Mauricio Blood
seed,P0884,Kalan,Yiadom,Kalan Yiadom
seed,P0885,Makel,June,Makel June
seed,P0886,Jacob,Nnodim,Jacob Nnodim
seed,P0887,Kaden,Smith,Kaden Smith
seed,P0888,Cam,Oxley,Cam Oxley
seed,P0889,Brian,Krieg,Brian Krieg
seed,P0890,Antonio,Ivy,Antonio Ivy
seed,P0891,Arthur,Toney,Arthur Toney
seed,P0892,Cibastian,McClain,Cibastian McClain
seed,P0893,Ryan,Williams,Ryan Williams
seed,P0894,Braden,Wallace,Braden Wallace
seed,P0895,Tremayne,Bryant,Tremayne Bryant
seed,P0896,Omarion,Siani,Omarion Siani
seed,P0897,Mason,Greer,Mason Greer
seed,P0898,Rex,Dorje,Rex Dorje
seed,P0899,Jamari,Brundidge,Jamari Brundidge
seed,P0900,Liam,Hayden,Liam Hayden
seed,P0901,Kobie,Osborne,Kobie Osborne
seed,P0902,Grayson,Briski,Grayson Briski
seed,P0903,Davion,Alexander,Davion Alexander
seed,P0904,Nathanial,Flint,Nathanial Flint
seed,P0905,Bear,Brown-Turner,Bear Brown-Turner
seed,P0906,Levontae,Zirkle,Levontae Zirkle
seed,P0907,Jaxon,McBride,Jaxon McBride
seed,P0908,Jared,Nelson,Jared Nelson
seed,P0909,Kendall,Brooks,Kendall Brooks
seed,P0910,Tyler,Lovorn,Tyler Lovorn
seed,P0911,Ko,Hurst,Ko Hurst
seed,P0912,Ryan,Lovett,Ryan Lovett
seed,P0913,Preston,Sikorski,Preston Sikorski
seed,P0914,Cedric,Reed,Cedric Reed
seed,P0915,Josh,Mikaele,Josh Mikaele
seed,P0916,Tanner,Duvall,Tanner Duvall
seed,P0917,Tyler,Sims,Tyler Sims
seed,P0918,Jourdan,McLane,Jourdan McLane
seed,P0919,Keshawn,Johnson,Keshawn Johnson
seed,P0920,Duane,Singleton,Duane Singleton
seed,P0921,Connor,Hall,Connor Hall
seed,P0922,Mark,Snodgrass,Mark Snodgrass
seed,P0923,Tanner,Buchanan,Tanner Buchanan
seed,P0924,Troy,Starling,Troy Starling
seed,P0925,Michael,Hamilton,Michael Hamilton
seed,P0926,Kaleb,Chapman,Kaleb Chapman
seed,P0927,Laken,Zambrano,Laken Zambrano
seed,P0928,Colin,Duhon,Colin Duhon
seed,P0929,Eli,Mulder,Eli Mulder
seed,P0930,Tim,Thurber,Tim Thurber
seed,P0931,Aiden,Watts,Aiden Watts
seed,P0932,Darius,Bullerdick,Darius Bullerdick
seed,P0933,Anthony,Dampier,Anthony Dampier
seed,P0934,Kalvin,Rivers,Kalvin Rivers
seed,P0935,Jaylen,Bryant Jr.,Jaylen Bryant Jr.
seed,P0936,Riley,Vangates,Riley Vangates
seed,P0937,Ryan,Oluwayemi,Ryan Oluwayemi
seed,P0938,Zion,Adams,Zion Adams
seed,P0939,Kauasi,Hay,Kauasi Hay
seed,P0940,Tommy,Buford,Tommy Buford
seed,P0941,Ja'Kavion,Tuerk,Ja'Kavion Tuerk
seed,P0942,Nick,Hoffman,Nick Hoffman
seed,P0943,Mike,McKinney,Mike McKinney
seed,P0944,Isaiah,Bennett,Isaiah Bennett
seed,P0945,Darrin,Pinter,Darrin Pinter
seed,P0946,Darnay,Greene Jr.,Darnay Greene Jr.
seed,P0947,Cam,Whaley,Cam Whaley
seed,P0948,Kobe,Johnson,Kobe Johnson
seed,P0949,Avery,Morgan,Avery Morgan
seed,P0950,Jack,Porter,Jack Porter
seed,P0951,Cameron,Delp,Cameron Delp
seed,P0952,Dean,Leveston,Dean Leveston
seed,P0953,Donmiel,Bates,Donmiel Bates
seed,P0954,Vonnie,Orange,Vonnie Orange
seed,P0955,Kendall,Peter,Kendall Peter
seed,P0956,Charles,Roberts,Charles Roberts
seed,P0957,Kai,Martin,Kai Martin
seed,P0958,Vance,Jenkins,Vance Jenkins
seed,P0959,Dontae,McCain,Dontae McCain
seed,P0960,Bryce,Walker,Bryce Walker
seed,P0961,Charleston,Lee,Charleston Lee
seed,P0962,Daytione,Ricks Jr.,Daytione Ricks Jr.
seed,P0963,Jacob,McGahee IV,Jacob McGahee IV
seed,P0964,Carmine,Bush,Carmine Bush
seed,P0965,Alani,James,Alani James
seed,P0966,Braylen,Cromartie Jr.,Braylen Cromartie Jr.
seed,P0967,Michael,Walker,Michael Walker
seed,P0968,Josiah,Dunkley,Josiah Dunkley
seed,P0969,Quincy,Rose,Quincy Rose
seed,P0970,Matthew,Pizzella,Matthew Pizzella
seed,P0971,Ramari,Hebert,Ramari Hebert
seed,P0972,Nicholas,Massey,Nicholas Massey
seed,P0973,Jackson,Harvey,Jackson Harvey
seed,P0974,Malachi,Canady,Malachi Canady
seed,P0975,Joseph,McGlothern,Joseph McGlothern
seed,P0976,Jakwon,Gilmore,Jakwon Gilmore
seed,P0977,Dillon,Jackson,Dillon Jackson
seed,P0978,Jesus,Cody,Jesus Cody
seed,P0979,Koi,Sell,Koi Sell
seed,P0980,Kenneth,Jackson,Kenneth Jackson
seed,P0981,Harrison,Lindenberg,Harrison Lindenberg
seed,P0982,Jackson,Alexander,Jackson Alexander
seed,P0983,Marcus,Buckner,Marcus Buckner
seed,P0984,Trevon,Keys,Trevon Keys
seed,P0985,Troy,Crowell,Troy Crowell
seed,P0986,Brennan,Rupcich,Brennan Rupcich
seed,P0987,Malaesala,Adams,Malaesala Adams
seed,P0988,Anthony,Peacock,Anthony Peacock
seed,P0989,Tanner,Turner,Tanner Turner
seed,P0990,Jacob,Rainey-Sale,Jacob Rainey-Sale
seed,P0991,Jarvis,Shine,Jarvis Shine
seed,P0992,Jaden,Schmitt,Jaden Schmitt
seed,P0993,Kavon,Wypler,Kavon Wypler
seed,P0994,Jaylan,Morris,Jaylan Morris
seed,P0995,Demetrius,Bass,Demetrius Bass
seed,P0996,Bryan,Smith-Wade,Bryan Smith-Wade
seed,P0997,Brenton,Lewis,Brenton Lewis
seed,P0998,Kade,Hamilton,Kade Hamilton
seed,P0999,Josiah,Crosby Jr.,Josiah Crosby Jr.
seed,P1000,Caleb,Harnetiaux,Caleb Harnetiaux
seed,P1001,Austin,Owens II,Austin Owens II
seed,P1002,Brandon,Maumalanga,Brandon Maumalanga
seed,P1003,Jahvaree,Allen,Jahvaree Allen
seed,P1004,Kamal,Stringfellow,Kamal Stringfellow
seed,P1005,Everett,Duffie,Everett Duffie
seed,P1006,Dominick,Smith,Dominick Smith
seed,P1007,Paul,Hill Jr.,Paul Hill Jr.
seed,P1008,Jamroc,Love,Jamroc Love
seed,P1009,Blake,Bey,Blake Bey
seed,P1010,Bailey,Nnabugwu,Bailey Nnabugwu
seed,P1011,TeKai,Prosper,TeKai Prosper
seed,P1012,JaMarion,Owens,JaMarion Owens
seed,P1013,Greg,Vailahi,Greg Vailahi
seed,P1014,Elijah,Matsuzawa,Elijah Matsuzawa
seed,P1015,Kilian,Brown,Kilian Brown
seed,P1016,Demario,McLane,Demario McLane
seed,P1017,Alex,Benton,Alex Benton
seed,P1018,Rahji,Wilson,Rahji Wilson
seed,P1019,Mikhail,Barnes,Mikhail Barnes
seed,P1020,Traville,Ban,Traville Ban
seed,P1021,Kelee,Samuel,Kelee Samuel
seed,P1022,Malik,Trapilo,Malik Trapilo
seed,P1023,Robby,Evans,Robby Evans
seed,P1024,Carl,Miller,Carl Miller
seed,P1025,Kyle,Calhoun,Kyle Calhoun
seed,P1026,Paul,Johnson,Paul Johnson
seed,P1027,Myles,Lawrence,Myles Lawrence
seed,P1028,Michael,Howard,Michael Howard
seed,P1029,Johnnie,Brown,Johnnie Brown
seed,P1030,Willis,Willis,Willis Willis
seed,P1031,AnQuon,Voss,AnQuon Voss
seed,P1032,Jo,McKinney,Jo McKinney
seed,P1033,Elijah,Eboigbe,Elijah Eboigbe
seed,P1034,Tyler,Hillstead,Tyler Hillstead
seed,P1035,Hykeem,Marsh,Hykeem Marsh
seed,P1036,Guerby,Tucker,Guerby Tucker
seed,P1037,Jaylon,Faamatuainu,Jaylon Faamatuainu
seed,P1038,JaKolby,Dukes,JaKolby Dukes
seed,P1039,Montae,Reed-Adams,Montae Reed-Adams
seed,P1040,Kente,Koger,Kente Koger
seed,P1041,Stone,Thomas,Stone Thomas
seed,P1042,Enrique,Burch,Enrique Burch
seed,P1043,Avery,Franklin,Avery Franklin
seed,P1044,Cam'ron,Devonshire,Cam'ron Devonshire
seed,P1045,Dorian,DeNgohe,Dorian DeNgohe
seed,P1046,Esteban,Clark,Esteban Clark
seed,P1047,Kenny,Hall,Kenny Hall
seed,P1048,Francis,George,Francis George
seed,P1049,Julian,Bowen,Julian Bowen
seed,P1050,Kendall,Moore,Kendall Moore
seed,P1051,Thomas,Mutombo,Thomas Mutombo
seed,P1052,AJ,Lendsey-Vann,AJ Lendsey-Vann
seed,P1053,Koen,Keyes,Koen Keyes
seed,P1054,Eli,Gallegos,Eli Gallegos
seed,P1055,Jason,Jones,Jason Jones
seed,P1056,Demetrius,Collins,Demetrius Collins
seed,P1057,Raider,Thomas,Raider Thomas
seed,P1058,Kali,Raynor,Kali Raynor
seed,P1059,Jack,Jefferson,Jack Jefferson
seed,P1060,Dominick,Kingston,Dominick Kingston
seed,P1061,Ty'Ron,Wright,Ty'Ron Wright
seed,P1062,Isaiah,Coffman,Isaiah Coffman
seed,P1063,Andru,Galloway Jr.,Andru Galloway Jr.
seed,P1064,Riley,Clark,Riley Clark
seed,P1065,Dillon,Booker,Dillon Booker
seed,P1066,Tavian,Talley,Tavian Talley
seed,P1067,Jyaire,Gwan,Jyaire Gwan
seed,P1068,Link,Carter,Link Carter
seed,P1069,Jackson,Carter,Jackson Carter
seed,P1070,Eric,Chittenden,Eric Chittenden
seed,P1071,Thaddeus,Goater,Thaddeus Goater
seed,P1072,Peyton,Stack,Peyton Stack
seed,P1073,Keoni,Sundell,Keoni Sundell
seed,P1074,Xayvion,Smith,Xayvion Smith
seed,P1075,Jaheim,Boyd,Jaheim Boyd
seed,P1076,Luke,Henderson II,Luke Henderson II
seed,P1077,Blake,Allen,Blake Allen
seed,P1078,Censere,Acklin,Censere Acklin
seed,P1079,Caden,Johnson,Caden Johnson
seed,P1080,Jaxson,Woods,Jaxson Woods
seed,P1081,Malik,Pinter,Malik Pinter
seed,P1082,Tray,Scott,Tray Scott
seed,P1083,Derek,Jackson Jr.,Derek Jackson Jr.
seed,P1084,Bryson,Ezeogu,Bryson Ezeogu
seed,P1085,William,Mulbah,William Mulbah
seed,P1086,Lucas,Tabaracci,Lucas Tabaracci
seed,P1087,Zander,Powell,Zander Powell
seed,P1088,Jon Jon,Crawford,Jon Jon Crawford
seed,P1089,Andru,Harden,Andru Harden
seed,P1090,Tyson,Niemann,Tyson Niemann
seed,P1091,Gavin,Henderson,Gavin Henderson
seed,P1092,Ahmad,Cole,Ahmad Cole
seed,P1093,Evan,Smith Jr.,Evan Smith Jr.
seed,P1094,Alex,Kettering,Alex Kettering
seed,P1095,Brandon,Lockwood,Brandon Lockwood
seed,P1096,Joe,Bailey,Joe Bailey
seed,P1097,Brant,Edwards,Brant Edwards
seed,P1098,Noah,Battle Jr.,Noah Battle Jr.
seed,P1099,Doneiko,Griffin,Doneiko Griffin
seed,P1100,Dube,Rogers,Dube Rogers
seed,P1101,Akili,Turner,Akili Turner
seed,P1102,Joseph,Steward,Joseph Steward
seed,P1103,Zion,Saint Germain,Zion Saint Germain
seed,P1104,Percy,Overton Jr.,Percy Overton Jr.
seed,P1105,Jonas,Furtney,Jonas Furtney
seed,P1106,Brandon,Gray,Brandon Gray
seed,P1107,Tuaoa,Tisdale Jr.,Tuaoa Tisdale Jr.
seed,P1108,R Mason,Wester,R Mason Wester
seed,P1109,Jordan,Canales,Jordan Canales
seed,P1110,Jayden,Bostic Jr,Jayden Bostic Jr
seed,P1111,Ty,Krieg,Ty Krieg
seed,P1112,Jay,Roush,Jay Roush
seed,P1113,Taariq,Moore,Taariq Moore
seed,P1114,Rod,Walker,Rod Walker
seed,P1115,Aaron,Herard,Aaron Herard
seed,P1116,Mark,Fuimaono,Mark Fuimaono
seed,P1117,Derrick,Bridges,Derrick Bridges
seed,P1118,Bryson,Quinonez,Bryson Quinonez
seed,P1119,Alex,Burke,Alex Burke
seed,P1120,Reese,Collins,Reese Collins
seed,P1121,Jake,McIntyre,Jake McIntyre
seed,P1122,CJ,Rutherford,CJ Rutherford
seed,P1123,Tom,Donkoh,Tom Donkoh
seed,P1124,Ryder,Kamara,Ryder Kamara
seed,P1125,Chance,Stewart III,Chance Stewart III
seed,P1126,Tony,Bell,Tony Bell
seed,P1127,Quimari,Harris,Quimari Harris
seed,P1128,Tyshawn,Bryant,Tyshawn Bryant
seed,P1129,Blanche,Johnson Jr.,Blanche Johnson Jr.
seed,P1130,Collins,Jackson,Collins Jackson
seed,P1131,Baxter,Austin,Baxter Austin
seed,P1132,Armoni,Ramil,Armoni Ramil
seed,P1133,Benson,Cure,Benson Cure
seed,P1134,Gavin,Odinjor,Gavin Odinjor
seed,P1135,Terrence,Young,Terrence Young
seed,P1136,Peter,Guyton,Peter Guyton
seed,P1137,Matt,Rattler,Matt Rattler
seed,P1138,Jayvontay,Hood,Jayvontay Hood
seed,P1139,Ben,Braddock,Ben Braddock
seed,P1140,Jaleel,Witten,Jaleel Witten
seed,P1141,Federico,Mallory,Federico Mallory
seed,P1142,Jaylen,Yates,Jaylen Yates
seed,P1143,Cam,Owens,Cam Owens
seed,P1144,Micheal,Yates,Micheal Yates
seed,P1145,Mario,Evans,Mario Evans
seed,P1146,Nate,Phillips Jr.,Nate Phillips Jr.
seed,P1147,Cameron,Jean-Baptiste,Cameron Jean-Baptiste
seed,P1148,Gabe,Taylor,Gabe Taylor
seed,P1149,Austin,Stallworth,Austin Stallworth
seed,P1150,Markel,Agee,Markel Agee
seed,P1151,Greedy,Garrison,Greedy Garrison
seed,P1152,Brandon,Saka,Brandon Saka
seed,P1153,Zane,Milum,Zane Milum
seed,P1154,Sione,Ballard,Sione Ballard
seed,P1155,Jonah,Tate,Jonah Tate
seed,P1156,Julian,Allen Jr.,Julian Allen Jr.
seed,P1157,Ju'Juan,Brown III,Ju'Juan Brown III
seed,P1158,Wolf,Thomas,Wolf Thomas
seed,P1159,DeSean,Pezza,DeSean Pezza
seed,P1160,Shelton,Roskop,Shelton Roskop
seed,P1161,Kendal,McGowan,Kendal McGowan
seed,P1162,Ko,Johnson,Ko Johnson
seed,P1163,Noah,Mittman,Noah Mittman
seed,P1164,Kenny,Sarratt Jr.,Kenny Sarratt Jr.
seed,P1165,Orlando,Ruffins,Orlando Ruffins
seed,P1166,Owen,Branch,Owen Branch
seed,P1167,Jerry,Horn,Jerry Horn
seed,P1168,Colten,Canty Jr.,Colten Canty Jr.
seed,P1169,Isaac,Khan,Isaac Khan
seed,P1170,Kaleb,Ballard,Kaleb Ballard
seed,P1171,Earl,Roberts,Earl Roberts
seed,P1172,Matthew,Robinson,Matthew Robinson
seed,P1173,Xavier,Iheanachor,Xavier Iheanachor
seed,P1174,Darius,Tchienchou,Darius Tchienchou
seed,P1175,Que'Sean,Kloska,Que'Sean Kloska
seed,P1176,Xavious,Bell,Xavious Bell
seed,P1177,Joe,Foster,Joe Foster
seed,P1178,Lamar,Bell,Lamar Bell
seed,P1179,Tre,George,Tre George
seed,P1180,Conor,Hayden,Conor Hayden
seed,P1181,Willie,Platt,Willie Platt
seed,P1182,Davhon,Stoffel,Davhon Stoffel
seed,P1183,Terrell,Dunn,Terrell Dunn
seed,P1184,Austin,Walker,Austin Walker
seed,P1185,DD,Weber,DD Weber
seed,P1186,Lance,Knight,Lance Knight
seed,P1187,Stone,Frilot,Stone Frilot
seed,P1188,Brendan,Collins,Brendan Collins
seed,P1189,Jordan-Lebron,Lott,Jordan-Lebron Lott
seed,P1190,Tyreek,Ramsey,Tyreek Ramsey
seed,P1191,Desirrio,Taylor,Desirrio Taylor
seed,P1192,Jackson,Hough,Jackson Hough
seed,P1193,Jean Claude,de Boachie,Jean Claude de Boachie
seed,P1194,Marvis,MacFarlane,Marvis MacFarlane
seed,P1195,Roquan,Hunt,Roquan Hunt
seed,P1196,Maurice,Cannon Jr.,Maurice Cannon Jr.
seed,P1197,Jackson,Bindel,Jackson Bindel
seed,P1198,Keenan,Jacob,Keenan Jacob
seed,P1199,Darius,Clark,Darius Clark
seed,P1200,Justin,Davis,Justin Davis
seed,P1201,Devin,Coker,Devin Coker
seed,P1202,Stephen,Warren,Stephen Warren
seed,P1203,Mike,Jonah-Ajonye,Mike Jonah-Ajonye
seed,P1204,Zack,Ayomanor,Zack Ayomanor
seed,P1205,Gerard,Babin,Gerard Babin
seed,P1206,Dillan,Leeper,Dillan Leeper
seed,P1207,Cameron,Baun,Cameron Baun
seed,P1208,Ethan,Gray,Ethan Gray
seed,P1209,Albert,Czeremcha,Albert Czeremcha
seed,P1210,Dominic,Holt,Dominic Holt
seed,P1211,Brenton,Guillory,Brenton Guillory
seed,P1212,Anthony,Rice,Anthony Rice
seed,P1213,Jermaine,Van Roten,Jermaine Van Roten
seed,P1214,John,Echternach,John Echternach
seed,P1215,Isaac,Hughes,Isaac Hughes
seed,P1216,Logan,Shattuck,Logan Shattuck
seed,P1217,Daeden,Faulk,Daeden Faulk
seed,P1218,Rasheem,Gaskin III,Rasheem Gaskin III
seed,P1219,Tamaurice,Zilker,Tamaurice Zilker
seed,P1220,Champ,Nedore,Champ Nedore
seed,P1221,Anthony,Ingram,Anthony Ingram
seed,P1222,McCae,Parkinson,McCae Parkinson
seed,P1223,Greg,Robinson,Greg Robinson
seed,P1224,Connor,Sanders,Connor Sanders
seed,P1225,Kavion,Flournoy,Kavion Flournoy
seed,P1226,Greg,Moore,Greg Moore
seed,P1227,Raiden,Epps,Raiden Epps
seed,P1228,Montaric,Butler,Montaric Butler
seed,P1229,Brandon,Hoffler,Brandon Hoffler
seed,P1230,Abraham,Lolesio,Abraham Lolesio
seed,P1231,Jack,Williams II,Jack Williams II
seed,P1232,Edric,Collins,Edric Collins
seed,P1233,Colby,Granby,Colby Granby
seed,P1234,Matt,Anderson,Matt Anderson
seed,P1235,Benjamin,Eldridge Jr.,Benjamin Eldridge Jr.
seed,P1236,Re'Mahn,Canion,Re'Mahn Canion
seed,P1237,Jaylon,Myrick,Jaylon Myrick
seed,P1238,Jalen,Diggs,Jalen Diggs
seed,P1239,Brian,Bush,Brian Bush
seed,P1240,Daylen,Johnson,Daylen Johnson
seed,P1241,Dior,Mincey,Dior Mincey
seed,P1242,Javin,Johnson,Javin Johnson
seed,P1243,Austin,Fulghum,Austin Fulghum
seed,P1244,KJ,Davis,KJ Davis
seed,P1245,Josh,Stout,Josh Stout
seed,P1246,Christopher,Drummer,Christopher Drummer
seed,P1247,Marcus,Isaac,Marcus Isaac
seed,P1248,Loyall,Brown,Loyall Brown
seed,P1249,PJ,Whitson,PJ Whitson
seed,P1250,Donovan,Eldridge Jr.,Donovan Eldridge Jr.
seed,P1251,Ja'Elyne,Fortenberry,Ja'Elyne Fortenberry
seed,P1252,JaKolby,Bishop,JaKolby Bishop
seed,P1253,DJ,Dorsey,DJ Dorsey
seed,P1254,Jackson,Mafi,Jackson Mafi
seed,P1255,Nicholas,Lagway,Nicholas Lagway
seed,P1256,Jace,Rooks,Jace Rooks
seed,P1257,Nico,Thompkins,Nico Thompkins
seed,P1258,Jahari,Blaylock,Jahari Blaylock
seed,P1259,John,Reyes,John Reyes
seed,P1260,Ameer,Chaney,Ameer Chaney
seed,P1261,Zaiden,Nassar,Zaiden Nassar
seed,P1262,Jamari,Roberts,Jamari Roberts
seed,P1263,Romelo,Austin,Romelo Austin
seed,P1264,AJ,Adams,AJ Adams
seed,P1265,Cobey,McCaffrey,Cobey McCaffrey
seed,P1266,Tyree,Lado,Tyree Lado
seed,P1267,Douglas,Martinez,Douglas Martinez
seed,P1268,Tim,Witherspoon Jr.,Tim Witherspoon Jr.
seed,P1269,Jake,Jordan,Jake Jordan
seed,P1270,Arvell,Rourke,Arvell Rourke
seed,P1271,Chase,Warner,Chase Warner
seed,P1272,Jayvin,Sanford,Jayvin Sanford
seed,P1273,Kevin,Clark,Kevin Clark
seed,P1274,Juwan,Harris,Juwan Harris
seed,P1275,Izzy,Warner,Izzy Warner
seed,P1276,Eddie,Whittington,Eddie Whittington
seed,P1277,James,Lane,James Lane
seed,P1278,Devaughn,Wilson,Devaughn Wilson
seed,P1279,Fernando,Kinsey,Fernando Kinsey
seed,P1280,Boye,Simmons,Boye Simmons
seed,P1281,Jarius,Smith,Jarius Smith
seed,P1282,Derrick,Rushing,Derrick Rushing
seed,P1283,Tristan,Locke,Tristan Locke
seed,P1284,Sean,Sanchez,Sean Sanchez
seed,P1285,Adam,Deckard,Adam Deckard
seed,P1286,Ivan,Woods,Ivan Woods
seed,P1287,Otito,Watson III,Otito Watson III
seed,P1288,Samari,Kendall,Samari Kendall
seed,P1289,Tasi,Mullings,Tasi Mullings
seed,P1290,Ethan,Carter,Ethan Carter
seed,P1291,Dennis,Kier,Dennis Kier
seed,P1292,Jacqawn,Jackson,Jacqawn Jackson
seed,P1293,Jamarion,Bollers,Jamarion Bollers
seed,P1294,Mack,Rodriguez,Mack Rodriguez
seed,P1295,Khi'len,Spears,Khi'len Spears
seed,P1296,Major,Foster,Major Foster
seed,P1297,Ka'Mori,Jones,Ka'Mori Jones
seed,P1298,Kekua,Gaines,Kekua Gaines
seed,P1299,Jeremiah,Maas,Jeremiah Maas
seed,P1300,Ashton,Merdinger,Ashton Merdinger
seed,P1301,Akheem,Laisure,Akheem Laisure
seed,P1302,Quillan,Barton,Quillan Barton
seed,P1303,Connor,Fitzgerald,Connor Fitzgerald
seed,P1304,Matt,Schram,Matt Schram
seed,P1305,Nasim,Meadows,Nasim Meadows
seed,P1306,Ameir,Awls,Ameir Awls
seed,P1307,Maceo,Adams,Maceo Adams
seed,P1308,Dalton,Phillips,Dalton Phillips
seed,P1309,Joey,Brady,Joey Brady
seed,P1310,Michael,Jefferson,Michael Jefferson
seed,P1311,Malachi,Rhodes,Malachi Rhodes
seed,P1312,Harry,Searcy,Harry Searcy
seed,P1313,Elijah,Sweat,Elijah Sweat
seed,P1314,DeAndre,Ellinger,DeAndre Ellinger
seed,P1315,Jake,Heyward,Jake Heyward
seed,P1316,Mason,Beebe,Mason Beebe
seed,P1317,Josh,Dyer,Josh Dyer
seed,P1318,Uzziah,Blair,Uzziah Blair
seed,P1319,Miguel,Ferguson,Miguel Ferguson
seed,P1320,Cole,Hubert,Cole Hubert
seed,P1321,Tanner,Lucas,Tanner Lucas
seed,P1322,Dorian,Singleton,Dorian Singleton
seed,P1323,Brayden,Andersen,Brayden Andersen
seed,P1324,Karsen,Blocker,Karsen Blocker
seed,P1325,Kahanu,Helton,Kahanu Helton
seed,P1326,Tim,Gilliam,Tim Gilliam
seed,P1327,Riis,Hutchinson,Riis Hutchinson
seed,P1328,Joakim,Wallin,Joakim Wallin
seed,P1329,Darius,Tilson,Darius Tilson
seed,P1330,Vae,Carwise,Vae Carwise
seed,P1331,Steve,Alexander III,Steve Alexander III
seed,P1332,Dazmin,Hall,Dazmin Hall
seed,P1333,Tucker,Campbell,Tucker Campbell
seed,P1334,Yvan,Ross,Yvan Ross
seed,P1335,Tait,Johnson,Tait Johnson
seed,P1336,Payton,Vonnahme,Payton Vonnahme
seed,P1337,Ryan,Rogers,Ryan Rogers
seed,P1338,Dustyn,Hron,Dustyn Hron
seed,P1339,Dameon,Walker,Dameon Walker
seed,P1340,Sam,Banks,Sam Banks
seed,P1341,Russell,Hooker,Russell Hooker
seed,P1342,Jordan,Cooper,Jordan Cooper
seed,P1343,Enrico,Davis,Enrico Davis
seed,P1344,Ricky,Miller,Ricky Miller
seed,P1345,Hudson,Bartholomew,Hudson Bartholomew
seed,P1346,Rae,Hoilette,Rae Hoilette
seed,P1347,Nathan,Meyers,Nathan Meyers
seed,P1348,Dylan,Green Jr.,Dylan Green Jr.
seed,P1349,Dylan,Czeremcha,Dylan Czeremcha
seed,P1350,Emanuel,Tucker,Emanuel Tucker
seed,P1351,Grant,Watkins,Grant Watkins
seed,P1352,Travis,Roe,Travis Roe
seed,P1353,Erik,Kilstrom,Erik Kilstrom
seed,P1354,Malik,Shipps,Malik Shipps
seed,P1355,Trae'von,Mack,Trae'von Mack
seed,P1356,Bryson,Bass,Bryson Bass
seed,P1357,Mackenzie,Ungar,Mackenzie Ungar
seed,P1358,Jack,Zebert,Jack Zebert
seed,P1359,C.J.,Lemon,C.J. Lemon
seed,P1360,Cameron,Moultrie-Goddard,Cameron Moultrie-Goddard
seed,P1361,JP,Christopher,JP Christopher
seed,P1362,Byron,Lopez,Byron Lopez
seed,P1363,Jackson,Tamarez,Jackson Tamarez
seed,P1364,Ahmaad,Reagor,Ahmaad Reagor
seed,P1365,Drew,Hauser,Drew Hauser
seed,P1366,Bryce,Mills,Bryce Mills
seed,P1367,Brandon,Davenport,Brandon Davenport
seed,P1368,Luke,Villarouel,Luke Villarouel
seed,P1369,Chaddrian,Melifonwu,Chaddrian Melifonwu
seed,P1370,Weston,Brandt,Weston Brandt
seed,P1371,Jameis,Hill,Jameis Hill
seed,P1372,Sam,Rhodes,Sam Rhodes
seed,P1373,Jaylon,Greaves,Jaylon Greaves
seed,P1374,Drew,McDonald,Drew McDonald
seed,P1375,Kahlee,Okaka,Kahlee Okaka
seed,P1376,Zion,Mosey,Zion Mosey
seed,P1377,Jayce,Mupoyi,Jayce Mupoyi
seed,P1378,Mike,James,Mike James
seed,P1379,Amik,Vollmer Jr.,Amik Vollmer Jr.
seed,P1380,Daniel,Butler,Daniel Butler
seed,P1381,Taeo,Schwendeman,Taeo Schwendeman
seed,P1382,Keayen,Bryant,Keayen Bryant
seed,P1383,Dametrious,Marden,Dametrious Marden
seed,P1384,Tyler,Sessoms,Tyler Sessoms
seed,P1385,Rickey,Moore,Rickey Moore
seed,P1386,Niko,Polk,Niko Polk
seed,P1387,Caden,Rivers,Caden Rivers
seed,P1388,Josiah,Williams,Josiah Williams
seed,P1389,Javian,Marshall,Javian Marshall
seed,P1390,RJ,Igbinosun,RJ Igbinosun
seed,P1391,Andrew,Alt,Andrew Alt
seed,P1392,Nathan,Baines,Nathan Baines
seed,P1393,Carson,Saint Germain,Carson Saint Germain
seed,P1394,Bryson,Hicks,Bryson Hicks
seed,P1395,Christian,Roberts,Christian Roberts
seed,P1396,Chris,Gregory,Chris Gregory
seed,P1397,David,Bunker,David Bunker
seed,P1398,Jaden,Rosengarten,Jaden Rosengarten
seed,P1399,Charlie,John,Charlie John
seed,P1400,Jonathan,Young,Jonathan Young
seed,P1401,Michael,Highland,Michael Highland
seed,P1402,Tyler,Cook,Tyler Cook
seed,P1403,Raykwon,Flounoy,Raykwon Flounoy
seed,P1404,Jamarcus,Gordon,Jamarcus Gordon
seed,P1405,Albert,Gillen,Albert Gillen
seed,P1406,Behren,Carter,Behren Carter
seed,P1407,Jaylon,Hester,Jaylon Hester
seed,P1408,Jay,Carter,Jay Carter
seed,P1409,Charles,Winfield,Charles Winfield
seed,P1410,Seth,Stout,Seth Stout
seed,P1411,Roy,Sprague,Roy Sprague
seed,P1412,Leo,Perry,Leo Perry
seed,P1413,Colbie,Toure,Colbie Toure
seed,P1414,Arik,Sexil,Arik Sexil
seed,P1415,Daniel,Winfield,Daniel Winfield
seed,P1416,Chas,Kinchen,Chas Kinchen
seed,P1417,Drew,Walker,Drew Walker
seed,P1418,Duce,Chadwick Jr.,Duce Chadwick Jr.
seed,P1419,Carson,Drennan,Carson Drennan
seed,P1420,Hauss,Hatchett,Hauss Hatchett
seed,P1421,Corbin,Haener,Corbin Haener
seed,P1422,Cal,Thompson,Cal Thompson
seed,P1423,Dayne,Hand,Dayne Hand
seed,P1424,Nykobi,Campbell VI,Nykobi Campbell VI
seed,P1425,Ahmad,Warmate,Ahmad Warmate
seed,P1426,Nathan,Allen,Nathan Allen
seed,P1427,Robert,Young,Robert Young
seed,P1428,Owen,Collins,Owen Collins
seed,P1429,Jo'Laison,Larvadain,Jo'Laison Larvadain
seed,P1430,Kobe,Shaw,Kobe Shaw
seed,P1431,Braylen,Nowaske,Braylen Nowaske
seed,P1432,Deed,Demma,Deed Demma
seed,P1433,Mordecai,Nelson,Mordecai Nelson
seed,P1434,TJ,Ili,TJ Ili
seed,P1435,EJ,Robinson,EJ Robinson
seed,P1436,Nathan,Moran,Nathan Moran
seed,P1437,Joshua,Abouraya,Joshua Abouraya
seed,P1438,Jalen,Mathews,Jalen Mathews
seed,P1439,Jaziel,Jeanty,Jaziel Jeanty
seed,P1440,Ken,Sanker,Ken Sanker
seed,P1441,Isaiah,Oluokun,Isaiah Oluokun
seed,P1442,C.J.,Snead,C.J. Snead
seed,P1443,Paul,Boulware,Paul Boulware
seed,P1444,Michael,Jones,Michael Jones
seed,P1445,Mikah,Williams,Mikah Williams
seed,P1446,Simeon,Amegadjie,Simeon Amegadjie
seed,P1447,KJ,Brewu,KJ Brewu
seed,P1448,Matthew,Zahursky,Matthew Zahursky
seed,P1449,Antwan,Anderson,Antwan Anderson
seed,P1450,Tony,Whitehead,Tony Whitehead
seed,P1451,DQ,Christian,DQ Christian
seed,P1452,DeAngelo,Moise,DeAngelo Moise
seed,P1453,Noah,Berry,Noah Berry
seed,P1454,Jamon,O'Brien,Jamon O'Brien
seed,P1455,Mohamoud,Woolen,Mohamoud Woolen
seed,P1456,Aaron,Murray Jr.,Aaron Murray Jr.
seed,P1457,Smiley,Robinson,Smiley Robinson
seed,P1458,Quayd,Hobbs,Quayd Hobbs
seed,P1459,Braden,Taimani,Braden Taimani
seed,P1460,Davoun,Enlow,Davoun Enlow
seed,P1461,Kendall,Yeast,Kendall Yeast
seed,P1462,Juelz,Gooch,Juelz Gooch
seed,P1463,Sam,Campbell,Sam Campbell
seed,P1464,Landon,Davis,Landon Davis
seed,P1465,Kris,Richard Jr.,Kris Richard Jr.
seed,P1466,Cade,Finley,Cade Finley
seed,P1467,Rodney,Clark,Rodney Clark
seed,P1468,John,D'Appolonia,John D'Appolonia
seed,P1469,Armoni,Rogers,Armoni Rogers
seed,P1470,Justin,Black,Justin Black
seed,P1471,Jake,Thomas,Jake Thomas
seed,P1472,Brady,Napier,Brady Napier
seed,P1473,DeZephen,Caldwell,DeZephen Caldwell
seed,P1474,Jonas,Barker,Jonas Barker
seed,P1475,Troy,Gregory,Troy Gregory
seed,P1476,Jaivon,Chambers,Jaivon Chambers
seed,P1477,John,Wohler,John Wohler
seed,P1478,Lester,Schoenfeld,Lester Schoenfeld
seed,P1479,Owen,Harris,Owen Harris
seed,P1480,Derwin,Feeney,Derwin Feeney
seed,P1481,Tanner,Hardy,Tanner Hardy
seed,P1482,Ja'Kyrian,Hart,Ja'Kyrian Hart
seed,P1483,Onterrio,Ellis,Onterrio Ellis
seed,P1484,Courtland,Glenn,Courtland Glenn
seed,P1485,Timothy,Dozier,Timothy Dozier
seed,P1486,Landon,Barrett,Landon Barrett
seed,P1487,Andre,Williams Jr.,Andre Williams Jr.
seed,P1488,Jared,Sewell,Jared Sewell
seed,P1489,Marcus,Faalele,Marcus Faalele
seed,P1490,AJ,Bonds,AJ Bonds
seed,P1491,Nicolas,Thornton,Nicolas Thornton
seed,P1492,Jordan,Steen,Jordan Steen
seed,P1493,Matthew,Perryman,Matthew Perryman
seed,P1494,Ivan,Collier,Ivan Collier
seed,P1495,Jackson,Oladipupo,Jackson Oladipupo
seed,P1496,Frank,Hunter,Frank Hunter
seed,P1497,Sean,Eady,Sean Eady
seed,P1498,Chase,Foskey,Chase Foskey
seed,P1499,Juandrago,Chukwurah,Juandrago Chukwurah
seed,P1500,Terrell,Berry,Terrell Berry
seed,P1501,Trey'Dez,Overshown,Trey'Dez Overshown
seed,P1502,William,Lundt,William Lundt
seed,P1503,Jarrett,Newkirk,Jarrett Newkirk
seed,P1504,Johnnie,James-Newby,Johnnie James-Newby
seed,P1505,Earl,Robinson,Earl Robinson
seed,P1506,Ryder,Hutchison,Ryder Hutchison
seed,P1507,Dallas,Lucas,Dallas Lucas
seed,P1508,Garett,Burton,Garett Burton
seed,P1509,Carson,Jordan IV,Carson Jordan IV
seed,P1510,Chams,Guy,Chams Guy
seed,P1511,Cortez,Hopson,Cortez Hopson
seed,P1512,Keshawn,McCutchin,Keshawn McCutchin
seed,P1513,Jerrick,Tuerk,Jerrick Tuerk
seed,P1514,Dylan,Weaver,Dylan Weaver
seed,P1515,Zeke,Murray,Zeke Murray
seed,P1516,Jermaine,Chisena,Jermaine Chisena
seed,P1517,Debron,Davis,Debron Davis
seed,P1518,Ian,Sims,Ian Sims
seed,P1519,Cedric,Cherelus,Cedric Cherelus
seed,P1520,Elijah,Ho'ohuli,Elijah Ho'ohuli
seed,P1521,Tristan,Howard,Tristan Howard
seed,P1522,Braden,Harris II,Braden Harris II
seed,P1523,Austin,Hudson,Austin Hudson
seed,P1524,Chamarri,Denson Jr.,Chamarri Denson Jr.
seed,P1525,Gian,Duffield,Gian Duffield
seed,P1526,Baylin,Bienvenue,Baylin Bienvenue
seed,P1527,Jase,Ridley,Jase Ridley
seed,P1528,Jerquaden,Nichelson,Jerquaden Nichelson
seed,P1529,Zeth,Meeks,Zeth Meeks
seed,P1530,Noah,Patel,Noah Patel
seed,P1531,Ashton,McCrimon,Ashton McCrimon
seed,P1532,Ramar,Roy,Ramar Roy
seed,P1533,Roman,Shipp,Roman Shipp
seed,P1534,Cam,Chisena,Cam Chisena
seed,P1535,Justin,Smith III,Justin Smith III
seed,P1536,Dylan,Davis,Dylan Davis
seed,P1537,Bryce,Bostic Jr,Bryce Bostic Jr
seed,P1538,Javion,Anderson,Javion Anderson
seed,P1539,Jameis,Taylor,Jameis Taylor
seed,P1540,Logan,Franklin,Logan Franklin
seed,P1541,Immanuel,Luter,Immanuel Luter
seed,P1542,Nicolas,Noles,Nicolas Noles
seed,P1543,Jesse,Laird,Jesse Laird
seed,P1544,Kal-El,Newcombe,Kal-El Newcombe
seed,P1545,Kaleb,Nester,Kaleb Nester
seed,P1546,Jamal,Seaton,Jamal Seaton
seed,P1547,Walker,Akpa,Walker Akpa
seed,P1548,Filip,Manu,Filip Manu
seed,P1549,Javontae,Zdroik,Javontae Zdroik
seed,P1550,Talyn,Manning,Talyn Manning
seed,P1551,Carlton,Strebig,Carlton Strebig
seed,P1552,Derek,Roush,Derek Roush
seed,P1553,Jaelyn,Hurley,Jaelyn Hurley
seed,P1554,Oscar,McMillan,Oscar McMillan
seed,P1555,Williams,Victor,Williams Victor
seed,P1556,Keldric,Gilbert,Keldric Gilbert
seed,P1557,Gavin,Becker,Gavin Becker
seed,P1558,Tate,Wangoy,Tate Wangoy
seed,P1559,Nygel,Siddons,Nygel Siddons
seed,P1560,Justin,Mingo,Justin Mingo
seed,P1561,Mason,Hughes,Mason Hughes
seed,P1562,Armoni,Mikell,Armoni Mikell
seed,P1563,Kenneth,Rucker,Kenneth Rucker
seed,P1564,H'eij,Autry,H'eij Autry
seed,P1565,Martell,Brunner,Martell Brunner
seed,P1566,Marco,Alcorn-Crowder,Marco Alcorn-Crowder
seed,P1567,Carsyn,Davenport,Carsyn Davenport
seed,P1568,Mays,Hopkins,Mays Hopkins
seed,P1569,Femi,Walton III,Femi Walton III
seed,P1570,Rylan,Beasley,Rylan Beasley
seed,P1571,Cole,Chavez,Cole Chavez
seed,P1572,Nico,Anderson Jr.,Nico Anderson Jr.
seed,P1573,Brandon,Swan,Brandon Swan
seed,P1574,Shamar,Johnston,Shamar Johnston
seed,P1575,Kevin,Wheeler,Kevin Wheeler
seed,P1576,Derek,Carrillo,Derek Carrillo
seed,P1577,Noah,Overmyer,Noah Overmyer
seed,P1578,Joshua,Collick,Joshua Collick
seed,P1579,Benito,Peebles,Benito Peebles
seed,P1580,Daymon,Brookins,Daymon Brookins
seed,P1581,Reed,Washington,Reed Washington
seed,P1582,Donavon,Singleton,Donavon Singleton
seed,P1583,Matthew,Holmes,Matthew Holmes
seed,P1584,Nick,Miller,Nick Miller
seed,P1585,James,Adebo,James Adebo
seed,P1586,Gannon,Odeyingbo,Gannon Odeyingbo
seed,P1587,Patrick,Marriott,Patrick Marriott
seed,P1588,Bryson,Goodwill,Bryson Goodwill
seed,P1589,Alexander,Williams,Alexander Williams
seed,P1590,Jaylon,Wilkinson,Jaylon Wilkinson
seed,P1591,Will,Hudson,Will Hudson
seed,P1592,Myles,Mabson II,Myles Mabson II
seed,P1593,Akayleb,Olmande,Akayleb Olmande
seed,P1594,Brayden,Hill,Brayden Hill
seed,P1595,Cam'ron,Reed,Cam'ron Reed
seed,P1596,Donovan,Banning,Donovan Banning
seed,P1597,TreyShun,Taylor,TreyShun Taylor
seed,P1598,Michael,Caldwell,Michael Caldwell
seed,P1599,Jerod,Onovughe,Jerod Onovughe
seed,P1600,Sione,Thornton,Sione Thornton
seed,P1601,Bryson,Balogoun-Ali,Bryson Balogoun-Ali
seed,P1602,Jaylen,Burt,Jaylen Burt
seed,P1603,Will,Carter,Will Carter
seed,P1604,Latreveon,Mabson II,Latreveon Mabson II
seed,P1605,Robert,Kromah,Robert Kromah
seed,P1606,Tokyo,Bradley,Tokyo Bradley
seed,P1607,Keylan,Wayne,Keylan Wayne
seed,P1608,Tre,Robinson,Tre Robinson
seed,P1609,Patrick,Long,Patrick Long
seed,P1610,Justin,Stone,Justin Stone
seed,P1611,Kahlil,Aviles,Kahlil Aviles
seed,P1612,Jarrick,Woody,Jarrick Woody
seed,P1613,Selman,Cline,Selman Cline
seed,P1614,Terrance,Scudero,Terrance Scudero
seed,P1615,Warren,Ohlinger,Warren Ohlinger
seed,P1616,Ryan,Addison,Ryan Addison
seed,P1617,Adam,Wallace,Adam Wallace
seed,P1618,Joshua,Matthews,Joshua Matthews
seed,P1619,Jaylen,Ali,Jaylen Ali
seed,P1620,Austin,Metellus,Austin Metellus
seed,P1621,Keany,Vollmer Jr.,Keany Vollmer Jr.
seed,P1622,Demarius,Formby,Demarius Formby
seed,P1623,Breeze,Williams,Breeze Williams
seed,P1624,Corey,Maiava,Corey Maiava
seed,P1625,Jason,Wagenseller,Jason Wagenseller
seed,P1626,Tristan,DeLeon,Tristan DeLeon
seed,P1627,Bryce,Stutsman,Bryce Stutsman
seed,P1628,Joshua,Dabo,Joshua Dabo
seed,P1629,Zeiqui,McDuffey,Zeiqui McDuffey
seed,P1630,Charlie,Hung,Charlie Hung
seed,P1631,Hunter,Wartson,Hunter Wartson
seed,P1632,Jeremiah,Deal,Jeremiah Deal
seed,P1633,Makua,Jones,Makua Jones
seed,P1634,JJ,McGovern,JJ McGovern
seed,P1635,Savion,Ramsey,Savion Ramsey
seed,P1636,Jaden,Hamilton,Jaden Hamilton
seed,P1637,Carson,Richter,Carson Richter
seed,P1638,Garrett,Eguakun,Garrett Eguakun
seed,P1639,Cade,McCaslin,Cade McCaslin
seed,P1640,Tucker,Monteiro,Tucker Monteiro
seed,P1641,Zay,Williams,Zay Williams
seed,P1642,Troy,Davis,Troy Davis
seed,P1643,Blake,Jenkins,Blake Jenkins
seed,P1644,Cameron,Hurych,Cameron Hurych
seed,P1645,Ismael,Tarvin,Ismael Tarvin
seed,P1646,Jacob,Hasert,Jacob Hasert
seed,P1647,Ashton,Stevens,Ashton Stevens
seed,P1648,Tremayne,Sanoe,Tremayne Sanoe
seed,P1649,Andre,Anthony,Andre Anthony
seed,P1650,Cornell,Miller,Cornell Miller
seed,P1651,Jordon,Hawkins,Jordon Hawkins
seed,P1652,Freddy,Brown IV,Freddy Brown IV
seed,P1653,Fatt,Spann-Ford,Fatt Spann-Ford
seed,P1654,Keavon,Lovett,Keavon Lovett
seed,P1655,Quinn,Fattig,Quinn Fattig
seed,P1656,Bradley,Pieper,Bradley Pieper
seed,P1657,Jamarcus,Ofili,Jamarcus Ofili
seed,P1658,Kingsley,Blanton,Kingsley Blanton
seed,P1659,Wesley,Spell,Wesley Spell
seed,P1660,Jaydon,Campbell,Jaydon Campbell
seed,P1661,Bryant,Baker,Bryant Baker
seed,P1662,Nicsaint,Jackson,Nicsaint Jackson
seed,P1663,Tony-Louis,Minkah,Tony-Louis Minkah
seed,P1664,Jesus,Smith,Jesus Smith
seed,P1665,Kebba,Ishmael,Kebba Ishmael
seed,P1666,Maddox,Nelson,Maddox Nelson
seed,P1667,Griffin,Pickett,Griffin Pickett
seed,P1668,Brandon,Christiansen,Brandon Christiansen
seed,P1669,Aaron,Gregg,Aaron Gregg
seed,P1670,Jalen,James,Jalen James
seed,P1671,Stewart,Harris,Stewart Harris
seed,P1672,Isaiah,Garrison,Isaiah Garrison
seed,P1673,Trey,Wolfe,Trey Wolfe
seed,P1674,Cash,Gibson,Cash Gibson
seed,P1675,Harrison,Brown,Harrison Brown
seed,P1676,Terrell,Pegues,Terrell Pegues
seed,P1677,Kaleb,Davis,Kaleb Davis
seed,P1678,Julius,Schleicher,Julius Schleicher
seed,P1679,Mac,Burburija,Mac Burburija
seed,P1680,AJ,Burks,AJ Burks
seed,P1681,Steven,Christian,Steven Christian
seed,P1682,Nino,Jackson,Nino Jackson
seed,P1683,Jaleel,Tillman,Jaleel Tillman
seed,P1684,Nyck,Sneed,Nyck Sneed
seed,P1685,Isaac,Robinson,Isaac Robinson
seed,P1686,Bradlee,Davison,Bradlee Davison
seed,P1687,Garrett,Johnson,Garrett Johnson
seed,P1688,Jaylen,Esqillion,Jaylen Esqillion
seed,P1689,Kohl,Winter,Kohl Winter
seed,P1690,Trevon,Philo,Trevon Philo
seed,P1691,Luke,Samac,Luke Samac
seed,P1692,Ty,Bianco,Ty Bianco
seed,P1693,DJ,Purcell,DJ Purcell
seed,P1694,Ty,Flowers,Ty Flowers
seed,P1695,Mays,Watkins,Mays Watkins
seed,P1696,Raleek,Hunter,Raleek Hunter
seed,P1697,Aiden,Chavez,Aiden Chavez
seed,P1698,Toby,Hamlin,Toby Hamlin
seed,P1699,Chase,Bryson,Chase Bryson
seed,P1700,Cole,Campbell,Cole Campbell
seed,P1701,Owen,Jacobson,Owen Jacobson
seed,P1702,Natrone,Green,Natrone Green
seed,P1703,Chapman,Hammond,Chapman Hammond
seed,P1704,Devin,Waters Jr.,Devin Waters Jr.
seed,P1705,Jadyn,Kostus,Jadyn Kostus
seed,P1706,Anthony,Dietzel,Anthony Dietzel
seed,P1707,Aidan,Russell,Aidan Russell
seed,P1708,Re'Mahn,Brewu,Re'Mahn Brewu
seed,P1709,Zachary,Brown,Zachary Brown
seed,P1710,Brian,Newbauer,Brian Newbauer
seed,P1711,Ko,Nesmith,Ko Nesmith
seed,P1712,Wondame,Francis Jr.,Wondame Francis Jr.
seed,P1713,Thomas,Del Grande,Thomas Del Grande
seed,P1714,Prophet,Grayes,Prophet Grayes
seed,P1715,James,Fresques,James Fresques
seed,P1716,Jerrian,Sareyka,Jerrian Sareyka
seed,P1717,Landon,McWhorter,Landon McWhorter
seed,P1718,Josue,Calloway,Josue Calloway
seed,P1719,Akheem,Odinjor,Akheem Odinjor
seed,P1720,Jacob,Evans,Jacob Evans
seed,P1721,Sam,Buchanan,Sam Buchanan
seed,P1722,Zavion,Anderson,Zavion Anderson
seed,P1723,Tyree,Dia-Johnson,Tyree Dia-Johnson
seed,P1724,Brandon,Blocker,Brandon Blocker
seed,P1725,Jeremiah,Baptiste,Jeremiah Baptiste
seed,P1726,Cory,O'Connell,Cory O'Connell
seed,P1727,Samu,Jaffe,Samu Jaffe
seed,P1728,Brayden,Howard,Brayden Howard
seed,P1729,Christian,Poticher,Christian Poticher
seed,P1730,Mason,Reed,Mason Reed
seed,P1731,Marquise,Crawford,Marquise Crawford
seed,P1732,Danny,Aguirre,Danny Aguirre
seed,P1733,Chase,Bradbury,Chase Bradbury
seed,P1734,Drew,Miles,Drew Miles
seed,P1735,Trevon,Thomas,Trevon Thomas
seed,P1736,Rex,Bronaugh,Rex Bronaugh
seed,P1737,Achilles,Wypler,Achilles Wypler
seed,P1738,Noah,Ford,Noah Ford
seed,P1739,Nick,Kinchen,Nick Kinchen
seed,P1740,Judah,Oxley,Judah Oxley
seed,P1741,Micah,Thomas,Micah Thomas
seed,P1742,River,Khatri,River Khatri
seed,P1743,Jeremiah,Kennedy Jr.,Jeremiah Kennedy Jr.
seed,P1744,Isaiah,Goodlow,Isaiah Goodlow
seed,P1745,Sabastian,Glasker,Sabastian Glasker
seed,P1746,Jadon,Homady,Jadon Homady
seed,P1747,Nicolas,Herbstreit,Nicolas Herbstreit
seed,P1748,Caden,Angeli,Caden Angeli
seed,P1749,Kyden,Okpala,Kyden Okpala
seed,P1750,J'Quan,Carter,J'Quan Carter
seed,P1751,Jonah,McFadden,Jonah McFadden
seed,P1752,Buddy,Stewart,Buddy Stewart
seed,P1753,Myles,Dotson,Myles Dotson
seed,P1754,Colin,Green,Colin Green
seed,P1755,Caleb,Winters,Caleb Winters
seed,P1756,Kaden,Wilson,Kaden Wilson
seed,P1757,Stewart,Lloyd,Stewart Lloyd
seed,P1758,Caleb,Aigbokhae,Caleb Aigbokhae
seed,P1759,Shawn,Neely III,Shawn Neely III
seed,P1760,John,Barr,John Barr
seed,P1761,Elijha,Ohlinger,Elijha Ohlinger
seed,P1762,Tae,Gallagher III,Tae Gallagher III
seed,P1763,Mykal,McMorris,Mykal McMorris
seed,P1764,Ryan,Towns,Ryan Towns
seed,P1765,Miles,Christiansen,Miles Christiansen
seed,P1766,Max,Weathersby,Max Weathersby
seed,P1767,Dallas,Todd,Dallas Todd
seed,P1768,Jamal,Long Jr.,Jamal Long Jr.
seed,P1769,Jaylon,McNulty,Jaylon McNulty
seed,P1770,Demetrius,Sanders,Demetrius Sanders
seed,P1771,Josh,Rush,Josh Rush
seed,P1772,Jay,Buchanan,Jay Buchanan
seed,P1773,James,Brookhart,James Brookhart
seed,P1774,Ashton,Fourqurean,Ashton Fourqurean
seed,P1775,Roquan,Chapman,Roquan Chapman
seed,P1776,Jacorey,Green,Jacorey Green
seed,P1777,DJ,Clay,DJ Clay
seed,P1778,Dallas,Temple,Dallas Temple
seed,P1779,Esun,Desinor,Esun Desinor
seed,P1780,Jett,Mowchan,Jett Mowchan
seed,P1781,Josiah,Gosnell,Josiah Gosnell
seed,P1782,Saboor,McCallum,Saboor McCallum
seed,P1783,Ormond,Queen,Ormond Queen
seed,P1784,Kevin,Gyllenborg,Kevin Gyllenborg
seed,P1785,Kamauri,McClain,Kamauri McClain
seed,P1786,Khamari,Benford II,Khamari Benford II
seed,P1787,Grant,Sneed Jr.,Grant Sneed Jr.
seed,P1788,Jaxson,Pierce,Jaxson Pierce
seed,P1789,Nate,Key,Nate Key
seed,P1790,Elgin,Aubrey,Elgin Aubrey
seed,P1791,Eli,Doman,Eli Doman
seed,P1792,Ben,Chambers,Ben Chambers
seed,P1793,Jotavian,Uiliata,Jotavian Uiliata
seed,P1794,Diore,Elliott,Diore Elliott
seed,P1795,Daniel,Moore Jr.,Daniel Moore Jr.
seed,P1796,Jordan,Crim,Jordan Crim
seed,P1797,Wayne,Cochran,Wayne Cochran
seed,P1798,Dane,Scott,Dane Scott
seed,P1799,Brian,Phillips,Brian Phillips
seed,P1800,Larry,Juszczyk,Larry Juszczyk
seed,P1801,Christian,Flintoft,Christian Flintoft
seed,P1802,Phillip,O'Rourke,Phillip O'Rourke
seed,P1803,Quentin,Prieskorn,Quentin Prieskorn
seed,P1804,Walker,Davis,Walker Davis
seed,P1805,Jace,Stinchcomb,Jace Stinchcomb
seed,P1806,Kalen,Kim,Kalen Kim
seed,P1807,Arley,Owens,Arley Owens
seed,P1808,TJ,Tranquill,TJ Tranquill
seed,P1809,Preston,Morgan,Preston Morgan
seed,P1810,Evan,Cheers,Evan Cheers
seed,P1811,Antonio,Turner-Bradshaw,Antonio Turner-Bradshaw
seed,P1812,Reggie,Martinez,Reggie Martinez
seed,P1813,Will,Magloire,Will Magloire
seed,P1814,Omarion,Nwaneri,Omarion Nwaneri
seed,P1815,Louie,McQueen,Louie McQueen
seed,P1816,Cason,Buhr,Cason Buhr
seed,P1817,Chancellor,Wooten,Chancellor Wooten
seed,P1818,Kevin,Clark-White,Kevin Clark-White
seed,P1819,Raphael,Burns Jr.,Raphael Burns Jr.
seed,P1820,Tyeland,Jefferson,Tyeland Jefferson
seed,P1821,Donovan,Mines,Donovan Mines
seed,P1822,Joey,Temple,Joey Temple
seed,P1823,Micah,Frazier,Micah Frazier
seed,P1824,Adonyss,Sidan,Adonyss Sidan
seed,P1825,Jaxon,Dunbar,Jaxon Dunbar
seed,P1826,Kamari,Kloska,Kamari Kloska
seed,P1827,Jordan,Ruckert,Jordan Ruckert
seed,P1828,Joshua,DeGennaro,Joshua DeGennaro
seed,P1829,Rahim,Bright,Rahim Bright
seed,P1830,Shemar,McDaniel,Shemar McDaniel
seed,P1831,Jahdae,Carter,Jahdae Carter
seed,P1832,Justin,Vatikani,Justin Vatikani
seed,P1833,Ben,Boggs,Ben Boggs
seed,P1834,Ja'Darius,Austin,Ja'Darius Austin
seed,P1835,Jordan,Osei-Bonsu,Jordan Osei-Bonsu
seed,P1836,Cornelius,Matelau,Cornelius Matelau
seed,P1837,John,Becerra,John Becerra
seed,P1838,Mac,Reynolds II,Mac Reynolds II
seed,P1839,Thomas,McKinley-Daniels,Thomas McKinley-Daniels
seed,P1840,Diego,Manuel,Diego Manuel
seed,P1841,Ty,Broeker,Ty Broeker
seed,P1842,Jaydin,Davis,Jaydin Davis
seed,P1843,Rushaun,Coppock,Rushaun Coppock
seed,P1844,Melvin,Sample,Melvin Sample
seed,P1845,Hayden,Mitchell,Hayden Mitchell
seed,P1846,Ty,Bishop,Ty Bishop
seed,P1847,Isaac,Holmes,Isaac Holmes
seed,P1848,Samuel,Griffin,Samuel Griffin
seed,P1849,Marquis,Newsome Jr.,Marquis Newsome Jr.
seed,P1850,Nico,Greene,Nico Greene
seed,P1851,Alex,Matthews,Alex Matthews
seed,P1852,Jaxon,Landau,Jaxon Landau
seed,P1853,Jarvse,McDonald,Jarvse McDonald
seed,P1854,Jeremiah,Billings IV,Jeremiah Billings IV
seed,P1855,Walker,Ford,Walker Ford
seed,P1856,Caden,Ausmer,Caden Ausmer
seed,P1857,Jeremiyah,Washington,Jeremiyah Washington
seed,P1858,Cayden,Medrano,Cayden Medrano
seed,P1859,Dycin,Dailey,Dycin Dailey
seed,P1860,Tyler,Buckner,Tyler Buckner
seed,P1861,Jarinn,Risher Jr.,Jarinn Risher Jr.
seed,P1862,JoJo,Jackson,JoJo Jackson
seed,P1863,Raleek,Farsee,Raleek Farsee
seed,P1864,Isaiah,Fields,Isaiah Fields
seed,P1865,Sedrick,Hunter,Sedrick Hunter
seed,P1866,Drew,Willis,Drew Willis
seed,P1867,Beau,Pierre,Beau Pierre
seed,P1868,Trayvon,Smith,Trayvon Smith
seed,P1869,Damian,Cargo,Damian Cargo
seed,P1870,Cooper,Moore,Cooper Moore
seed,P1871,Andrew,Modozie,Andrew Modozie
seed,P1872,Leyton,Murray,Leyton Murray
seed,P1873,Kyon,Carrigan,Kyon Carrigan
seed,P1874,Nic,Davis,Nic Davis
seed,P1875,RJ,Mixon,RJ Mixon
seed,P1876,Brady,Bradley-King,Brady Bradley-King
seed,P1877,Christian,Robinson,Christian Robinson
seed,P1878,Bodie,Bellamy,Bodie Bellamy
seed,P1879,Zay,Wessell,Zay Wessell
seed,P1880,Nico,Dawyot,Nico Dawyot
seed,P1881,Terrione,Bellamy,Terrione Bellamy
seed,P1882,Michael,Schuh,Michael Schuh
seed,P1883,Adam,Campbell,Adam Campbell
seed,P1884,Jordan,Bech,Jordan Bech
seed,P1885,Drew,Tate,Drew Tate
seed,P1886,JayR,Madison,JayR Madison
seed,P1887,Hunter,Akana,Hunter Akana
seed,P1888,Chase,Bournes,Chase Bournes
seed,P1889,Kyle,McGee,Kyle McGee
seed,P1890,Stratton,Fletcher,Stratton Fletcher
seed,P1891,Erik,Rios,Erik Rios
seed,P1892,K'Vion,Garcia II,K'Vion Garcia II
seed,P1893,Landon,Fugitt,Landon Fugitt
seed,P1894,Triston,Gill-Howard,Triston Gill-Howard
seed,P1895,Andre,Buchanan,Andre Buchanan
seed,P1896,Chase,Durant,Chase Durant
seed,P1897,Noble,Nelson Jr.,Noble Nelson Jr.
seed,P1898,Jalen,Chaney,Jalen Chaney
seed,P1899,Blake,White,Blake White
seed,P1900,Jaylen,Perry,Jaylen Perry
seed,P1901,Jay,Prieskorn,Jay Prieskorn
seed,P1902,Bobby,Nwajuaku,Bobby Nwajuaku
seed,P1903,DJ,Nunez,DJ Nunez
seed,P1904,Chris,Watts,Chris Watts
seed,P1905,Martece,Jackson,Martece Jackson
seed,P1906,Andrew,West,Andrew West
seed,P1907,Trey,Rupe,Trey Rupe
seed,P1908,Paul,Olawole,Paul Olawole
seed,P1909,Shamarius,Sharp,Shamarius Sharp
seed,P1910,AJ,Gunter,AJ Gunter
seed,P1911,Al-Jay,Rechsteiner,Al-Jay Rechsteiner
seed,P1912,Tom,Robinson IV,Tom Robinson IV
seed,P1913,Tah'j,Sanders,Tah'j Sanders
seed,P1914,Kade,Royer,Kade Royer
seed,P1915,Grant,Esper,Grant Esper
seed,P1916,Noah,Haynes,Noah Haynes
seed,P1917,Damon,Elwell,Damon Elwell
seed,P1918,Ibrahim,Royes,Ibrahim Royes
seed,P1919,Eddie,Vannett,Eddie Vannett
seed,P1920,Jordin,Green,Jordin Green
seed,P1921,Cree,Smith,Cree Smith
seed,P1922,Jalan,Brame,Jalan Brame
seed,P1923,James,Schmidt,James Schmidt
seed,P1924,Joshua,Tate,Joshua Tate
seed,P1925,Yasir,Katoanga,Yasir Katoanga
seed,P1926,Brandon,Edwards,Brandon Edwards
seed,P1927,Charger,Sewell,Charger Sewell
seed,P1928,Will,Donkoh,Will Donkoh
seed,P1929,Joseph,Hall,Joseph Hall
seed,P1930,Jamaree,Okeke,Jamaree Okeke
seed,P1931,Zion,Hughes,Zion Hughes
seed,P1932,Johnny,Furnish,Johnny Furnish
seed,P1933,Wesley,Jones,Wesley Jones
seed,P1934,Kip,Cormier,Kip Cormier
seed,P1935,Job,Buchanan,Job Buchanan
seed,P1936,Carter,Hechter,Carter Hechter
seed,P1937,CJ,Owens,CJ Owens
seed,P1938,Michael,Burgess Jr.,Michael Burgess Jr.
seed,P1939,Joshua,Johnson,Joshua Johnson
seed,P1940,Jaziel,Collins,Jaziel Collins
seed,P1941,Blake,Martinez,Blake Martinez
seed,P1942,Aveon,Rogers,Aveon Rogers
seed,P1943,Brandon,Virgil,Brandon Virgil
seed,P1944,Marcus,Seidl,Marcus Seidl
seed,P1945,Troy,McLaughlin,Troy McLaughlin
seed,P1946,Gracen,Conley,Gracen Conley
seed,P1947,Kolt,Fletcher,Kolt Fletcher
seed,P1948,Joey,Crosby,Joey Crosby
seed,P1949,Gunner,Lewis,Gunner Lewis
seed,P1950,Kole,Ahfua,Kole Ahfua
seed,P1951,James,Tabb,James Tabb
seed,P1952,Karon,Williams,Karon Williams
seed,P1953,Tyler,O'Halloran,Tyler O'Halloran
seed,P1954,Jelani,Griffin-Haynes,Jelani Griffin-Haynes
seed,P1955,George,White,George White
seed,P1956,Coen,Kubas,Coen Kubas
seed,P1957,Cam,Crandall,Cam Crandall
seed,P1958,Grant,Mathis,Grant Mathis
seed,P1959,Josiah,Hron,Josiah Hron
seed,P1960,Damarius,Thomas,Damarius Thomas
seed,P1961,Rilan,Gales,Rilan Gales
seed,P1962,DJ,Dillard,DJ Dillard
seed,P1963,Ja'Bari,Berry,Ja'Bari Berry
seed,P1964,Ian,Bond,Ian Bond
seed,P1965,Emery,Powers-Johnson,Emery Powers-Johnson
seed,P1966,C.J.,Odinjor,C.J. Odinjor
seed,P1967,Yakiri,Pierce,Yakiri Pierce
seed,P1968,Patrick,Jones,Patrick Jones
seed,P1969,Zion,Miller,Zion Miller
seed,P1970,Andrew,Mack,Andrew Mack
seed,P1971,Wilky,Campbell,Wilky Campbell
seed,P1972,Zach,Roseborough,Zach Roseborough
seed,P1973,Taylor,Smith,Taylor Smith
seed,P1974,Khalil,Gillis,Khalil Gillis
seed,P1975,Devin,Merriweather,Devin Merriweather
seed,P1976,Houston,Allen,Houston Allen
seed,P1977,AJ,Horn,AJ Horn
seed,P1978,Caedan,Grant,Caedan Grant
seed,P1979,Duce,Johnson,Duce Johnson
seed,P1980,Javon,Wallace,Javon Wallace
seed,P1981,Mana,Jenkins,Mana Jenkins
seed,P1982,Jalen,Mitchell,Jalen Mitchell
seed,P1983,Enyce,Mitchell,Enyce Mitchell
seed,P1984,Bryce,Mitchell,Bryce Mitchell
seed,P1985,Tyler,Patrick,Tyler Patrick
seed,P1986,Kooper,Davis,Kooper Davis
seed,P1987,Montana,Uvaydov,Montana Uvaydov
seed,P1988,Torin,Doyle,Torin Doyle
seed,P1989,Derrick,Wallace,Derrick Wallace
seed,P1990,Ja'Bryis,Cooper,Ja'Bryis Cooper
seed,P1991,Kainoa,Charlton,Kainoa Charlton
seed,P1992,Tremayne,Freibaum,Tremayne Freibaum
seed,P1993,Andrew,Hornes,Andrew Hornes
seed,P1994,Germie,Jackett,Germie Jackett
seed,P1995,Cole,Ray,Cole Ray
seed,P1996,James,Henderson,James Henderson
seed,P1997,Fisher,Powell,Fisher Powell
seed,P1998,Loghan,Charbonnet,Loghan Charbonnet
seed,P1999,Orion,Anthony,Orion Anthony
seed,P2000,Andrew,Nelson,Andrew Nelson
seed,P2001,Colton,Jamison,Colton Jamison
seed,P2002,Jaden,Thomas,Jaden Thomas
seed,P2003,Ju'Juan,Gipson Jr.,Ju'Juan Gipson Jr.
seed,P2004,Devan,Turner-Bradshaw,Devan Turner-Bradshaw
seed,P2005,Azarel,Abebe,Azarel Abebe
seed,P2006,Jaden,Mann,Jaden Mann
seed,P2007,Blake,Petersen,Blake Petersen
seed,P2008,Lincoln,Parker,Lincoln Parker
seed,P2009,Xavier,Baker,Xavier Baker
seed,P2010,Chandler,Okereke,Chandler Okereke
seed,P2011,Siosaia,Holmes,Siosaia Holmes
seed,P2012,Jamonta,Barnes,Jamonta Barnes
seed,P2013,H'eij,Henry,H'eij Henry
seed,P2014,Kelby,Harris,Kelby Harris
seed,P2015,Jashawn,Foster,Jashawn Foster
seed,P2016,Josh,Melvin,Josh Melvin
seed,P2017,James,Rule,James Rule
seed,P2018,Max,Penning,Max Penning
seed,P2019,Trevor,Lewis,Trevor Lewis
seed,P2020,Bryson,Bowman,Bryson Bowman
seed,P2021,Jerome,Holt,Jerome Holt
seed,P2022,Antonio,Gates,Antonio Gates
seed,P2023,Bodey,Norwood,Bodey Norwood
seed,P2024,Willie,Gebhardt,Willie Gebhardt
seed,P2025,Hansen,Hall,Hansen Hall
seed,P2026,David,Lawrence,David Lawrence
seed,P2027,Roschon,Harris,Roschon Harris
seed,P2028,Austin,Austin,Austin Austin
seed,P2029,Deshaun,Pribula,Deshaun Pribula
seed,P2030,Drew,Koch,Drew Koch
seed,P2031,Jonte,Knowles,Jonte Knowles
seed,P2032,Anthony,Schrader,Anthony Schrader
seed,P2033,Darrius,Elijah,Darrius Elijah
seed,P2034,Anthony,Reese,Anthony Reese
seed,P2035,Prince,Nnaeto,Prince Nnaeto
seed,P2036,Kai,McCrary-Ball,Kai McCrary-Ball
seed,P2037,Emmanuel,Kennedy,Emmanuel Kennedy
seed,P2038,Malachi,Jeudy,Malachi Jeudy
seed,P2039,Nyck,Pickens,Nyck Pickens
seed,P2040,Luke,Cole,Luke Cole
seed,P2041,Jakobi,Ayomanor,Jakobi Ayomanor
seed,P2042,JD,Williams,JD Williams
seed,P2043,Kenny,Bluhm,Kenny Bluhm
seed,P2044,Kameron,Pryor,Kameron Pryor
seed,P2045,JacQai,Hawkins III,JacQai Hawkins III
seed,P2046,Rashad,Moreau,Rashad Moreau
seed,P2047,Kailep,Ayers,Kailep Ayers
seed,P2048,Demarcus,McNamara,Demarcus McNamara
seed,P2049,Gracen,Ali,Gracen Ali
seed,P2050,Ashton,Blanding,Ashton Blanding
seed,P2051,Kyle,Bolden,Kyle Bolden
seed,P2052,Robert,Rodgers,Robert Rodgers
seed,P2053,Chris,Drew,Chris Drew
seed,P2054,Trevin,Brabbs,Trevin Brabbs
seed,P2055,Dakari,Capper,Dakari Capper
seed,P2056,Patrick,Fite III,Patrick Fite III
seed,P2057,Justen,Ilunga-Bisselele,Justen Ilunga-Bisselele
seed,P2058,Kaden,Clements,Kaden Clements
seed,P2059,Cyrus,Davis,Cyrus Davis
seed,P2060,Rayshon,Wilson,Rayshon Wilson
seed,P2061,Jaden,Crocker,Jaden Crocker
seed,P2062,Eric,Akana,Eric Akana
seed,P2063,Johnathan,Currence,Johnathan Currence
seed,P2064,Zach,Wallace,Zach Wallace
seed,P2065,Keishaun,Reus,Keishaun Reus
seed,P2066,Noah,Hornbeak Jr.,Noah Hornbeak Jr.
seed,P2067,Juan,Rhett,Juan Rhett
seed,P2068,Michael,Coker,Michael Coker
seed,P2069,Kendal,Harrison,Kendal Harrison
seed,P2070,Willie,Clark,Willie Clark
seed,P2071,Trent,Johnson,Trent Johnson
seed,P2072,Cole,Lee Jr.,Cole Lee Jr.
seed,P2073,Jameer,Curtis,Jameer Curtis
seed,P2074,Duke,Alexander,Duke Alexander
seed,P2075,Deven,Russell,Deven Russell
seed,P2076,Lamont,Hinds,Lamont Hinds
seed,P2077,Jack,Steele,Jack Steele
seed,P2078,Darius,Wa-Kalonji,Darius Wa-Kalonji
seed,P2079,Roman,Crosby,Roman Crosby
seed,P2080,Salesi,Hensley,Salesi Hensley
seed,P2081,Nigel,Ogbonnia,Nigel Ogbonnia
seed,P2082,Korver,Strnad,Korver Strnad
seed,P2083,Brandon,Langsdale,Brandon Langsdale
seed,P2084,Marquis,Gibbs,Marquis Gibbs
seed,P2085,Larell,Favors,Larell Favors
seed,P2086,Calvin,Studio,Calvin Studio
seed,P2087,BJ,Kluse,BJ Kluse
seed,P2088,Donovan,Tinney-Anderson,Donovan Tinney-Anderson
seed,P2089,Austin,Reyes,Austin Reyes
seed,P2090,Azeez,Bryant,Azeez Bryant
seed,P2091,Iverson,Malone,Iverson Malone
seed,P2092,Jaron,Gurley Jr.,Jaron Gurley Jr.
seed,P2093,Anthony,Ashlock,Anthony Ashlock
seed,P2094,Jared,Self,Jared Self
seed,P2095,Mike,Johnsen,Mike Johnsen
seed,P2096,Jonas,Milroe,Jonas Milroe
seed,P2097,Da'Shawn,Hale,Da'Shawn Hale
seed,P2098,Autavius,Michel,Autavius Michel
seed,P2099,Taylor,Benton,Taylor Benton
seed,P2100,Kaleb,Vincent,Kaleb Vincent
seed,P2101,Davien,Chapman,Davien Chapman
seed,P2102,Marquis,Thuney,Marquis Thuney
seed,P2103,Zavier,Laffitte,Zavier Laffitte
seed,P2104,Elijah,Fox-Flores,Elijah Fox-Flores
seed,P2105,Austen,Scroggs,Austen Scroggs
seed,P2106,Devon,Ford,Devon Ford
seed,P2107,Mason,Bernhard,Mason Bernhard
seed,P2108,Mark,Gibson,Mark Gibson
seed,P2109,Jeremiah,Skinner,Jeremiah Skinner
seed,P2110,Arrington,Sherman,Arrington Sherman
seed,P2111,Avieon,Stire,Avieon Stire
seed,P2112,Vic,Coke,Vic Coke
seed,P2113,Jayden,Isaac,Jayden Isaac
seed,P2114,Will,Flounoy,Will Flounoy
seed,P2115,Jonah,Nix,Jonah Nix
seed,P2116,Rod,Bartley,Rod Bartley
seed,P2117,Cedric,Hudkins,Cedric Hudkins
seed,P2118,Kaderris,Pinkston,Kaderris Pinkston
seed,P2119,Tim,Ford,Tim Ford
seed,P2120,Henry,Cruz,Henry Cruz
seed,P2121,Caleb,Traynor,Caleb Traynor
seed,P2122,Joseph,Wallin,Joseph Wallin
seed,P2123,Mikeah,Salas,Mikeah Salas
seed,P2124,Eddie,Labarbera,Eddie Labarbera
seed,P2125,Henry,Howse IV,Henry Howse IV
seed,P2126,Wendell,Scoby,Wendell Scoby
seed,P2127,Jake,Jean-Baptiste,Jake Jean-Baptiste
seed,P2128,Cincere,Duvall,Cincere Duvall
seed,P2129,AJ,Rumph,AJ Rumph
seed,P2130,Jordan,Malone,Jordan Malone
seed,P2131,Daxton,Mc-Cantos,Daxton Mc-Cantos
seed,P2132,Julius,Davis,Julius Davis
seed,P2133,Amare,Anderson,Amare Anderson
seed,P2134,Russell,Coleman,Russell Coleman
seed,P2135,Andre,Brents,Andre Brents
seed,P2136,Ian,Hardy,Ian Hardy
seed,P2137,Dakoda,Sundell,Dakoda Sundell
seed,P2138,Luc,Williams,Luc Williams
seed,P2139,Derek,Zakelj,Derek Zakelj
seed,P2140,Adedamola,Pounds,Adedamola Pounds
seed,P2141,Qwuantrezz,Ogboko,Qwuantrezz Ogboko
seed,P2142,Keylan,Mascarenas-Arnold,Keylan Mascarenas-Arnold
seed,P2143,Jonah,Gembus,Jonah Gembus
seed,P2144,Carson,Carlson,Carson Carlson
seed,P2145,Hieko,Fulghum,Hieko Fulghum
seed,P2146,Kaliem,Vislisel,Kaliem Vislisel
seed,P2147,Owen,White,Owen White
seed,P2148,Colby,Strayhorn,Colby Strayhorn
seed,P2149,Eric,Thurman,Eric Thurman
seed,P2150,Jareb,McCaslin,Jareb McCaslin
seed,P2151,Kwabena,Ibirogba,Kwabena Ibirogba
seed,P2152,Chidera,Starks,Chidera Starks
seed,P2153,Grant,Taylor Jr.,Grant Taylor Jr.
seed,P2154,Kyren,Schell,Kyren Schell
seed,P2155,Reis,McNeill,Reis McNeill
seed,P2156,Reed,Brown,Reed Brown
seed,P2157,Jonathan,Layne,Jonathan Layne
seed,P2158,Val,Humphrey,Val Humphrey
seed,P2159,Rasheed,Babalade,Rasheed Babalade
seed,P2160,Grayson,Dansby,Grayson Dansby
seed,P2161,Kord,Bryant,Kord Bryant
seed,P2162,Cesar,Cotton,Cesar Cotton
seed,P2163,Tyler,Robinson II,Tyler Robinson II
seed,P2164,Walter,Thieneman,Walter Thieneman
seed,P2165,Alexander,Ellison Jr.,Alexander Ellison Jr.
seed,P2166,Keith,Normoyle,Keith Normoyle
seed,P2167,Justin,Maciejczak,Justin Maciejczak
seed,P2168,Mekhi,Ogbonnia,Mekhi Ogbonnia
seed,P2169,Sebastian,Butler Jr.,Sebastian Butler Jr.
seed,P2170,Chance,Dewers,Chance Dewers
seed,P2171,Hakim,Taimani,Hakim Taimani
seed,P2172,Brian,Burks Jr.,Brian Burks Jr.
seed,P2173,Kenric,Costelli,Kenric Costelli
seed,P2174,Aden,Hawkins,Aden Hawkins
seed,P2175,Luke,Campbell,Luke Campbell
seed,P2176,Jamari,Booker,Jamari Booker
seed,P2177,Bryce,Kitchens,Bryce Kitchens
seed,P2178,Chase,Neal Jr.,Chase Neal Jr.
seed,P2179,Michael,Perkins,Michael Perkins
seed,P2180,Chris,Mickey,Chris Mickey
seed,P2181,Aidan,Benson III,Aidan Benson III
seed,P2182,Joe,Jacobs,Joe Jacobs
seed,P2183,Jahmir,Baker,Jahmir Baker
seed,P2184,Cameron,Evans III,Cameron Evans III
seed,P2185,Dutch,Rupert,Dutch Rupert
seed,P2186,Brauntae,Deeter,Brauntae Deeter
seed,P2187,Darrion,McMillan,Darrion McMillan
seed,P2188,Brandon,Daley,Brandon Daley
seed,P2189,Jabari,Lee,Jabari Lee
seed,P2190,Kai,Gracio,Kai Gracio
seed,P2191,Marcus,Jamison,Marcus Jamison
seed,P2192,Kylin,Wilson,Kylin Wilson
seed,P2193,Drew,Schobel,Drew Schobel
seed,P2194,Gerick,Starnes,Gerick Starnes
seed,P2195,Traylon,Hearns,Traylon Hearns
seed,P2196,Rodney,Henderson,Rodney Henderson
seed,P2197,Corbin,Yharbrough,Corbin Yharbrough
seed,P2198,Ernest,McFarland,Ernest McFarland
seed,P2199,John,Suominen,John Suominen
seed,P2200,Daniel,Bowman,Daniel Bowman
seed,P2201,Carson,Collins,Carson Collins
seed,P2202,Kyrese,Triplett,Kyrese Triplett
seed,P2203,Jude,Allen,Jude Allen
seed,P2204,Tychaun,Ray,Tychaun Ray
seed,P2205,Zak,Baumgartner,Zak Baumgartner
seed,P2206,Ricky,Spears,Ricky Spears
seed,P2207,Jimmy,Fields Jr.,Jimmy Fields Jr.
seed,P2208,Jacob,Wimberly,Jacob Wimberly
seed,P2209,Josiah,Webster,Josiah Webster
seed,P2210,Ollie,Young,Ollie Young
seed,P2211,Kyle,Hodgins,Kyle Hodgins
seed,P2212,Lavon,Pacheco,Lavon Pacheco
seed,P2213,Devon,Nelson,Devon Nelson
seed,P2214,Josh,Henderson,Josh Henderson
seed,P2215,Jalen,Nicholson,Jalen Nicholson
seed,P2216,Christian,McConnell,Christian McConnell
seed,P2217,Azel,Edgington,Azel Edgington
seed,P2218,Terrence,Kleather,Terrence Kleather
seed,P2219,Willie,Brown,Willie Brown
seed,P2220,Latrell,Burnett,Latrell Burnett
seed,P2221,Kadear,Kean,Kadear Kean
seed,P2222,Daniel,Shaw,Daniel Shaw
seed,P2223,Jacob,Utzinger,Jacob Utzinger
seed,P2224,Jamaal,Walker,Jamaal Walker
seed,P2225,Kieran,Scanlan,Kieran Scanlan
seed,P2226,Marc,Reisig,Marc Reisig
seed,P2227,Javonte,Lawrence,Javonte Lawrence
seed,P2228,Trillion,Ciarlo,Trillion Ciarlo
seed,P2229,DeJuan,Houston,DeJuan Houston
seed,P2230,Robert,Kellow,Robert Kellow
seed,P2231,Eric,Lance,Eric Lance
seed,P2232,Brandon,Keith,Brandon Keith
seed,P2233,Aaron,Diagne,Aaron Diagne
seed,P2234,Joshua,Loftus,Joshua Loftus
seed,P2235,Ryan,Molden,Ryan Molden
seed,P2236,Kilian,Lair,Kilian Lair
seed,P2237,Alijah,Bell,Alijah Bell
seed,P2238,Noah,Buchanan,Noah Buchanan
seed,P2239,Tylan,Brungard,Tylan Brungard
seed,P2240,Abram,Dicker,Abram Dicker
seed,P2241,Baxter,Zipperer,Baxter Zipperer
seed,P2242,Ja'Quan,Odom,Ja'Quan Odom
seed,P2243,Brevin,Purcell,Brevin Purcell
seed,P2244,Ethan,All,Ethan All
seed,P2245,KK,Bates,KK Bates
seed,P2246,John,Dixon,John Dixon
seed,P2247,Trace,Mains,Trace Mains
seed,P2248,Corey,Murphy,Corey Murphy
seed,P2249,Boski,Durden,Boski Durden
seed,P2250,Devin,Cushman,Devin Cushman
seed,P2251,Brady,Wright,Brady Wright
seed,P2252,Esezi,Sifford,Esezi Sifford
seed,P2253,Aaron,Glover,Aaron Glover
seed,P2254,Alijah,Collins,Alijah Collins
seed,P2255,Braden,Matthews,Braden Matthews
seed,P2256,Devonte,Hill,Devonte Hill
seed,P2257,Brandon,Watkins,Brandon Watkins
seed,P2258,Rex,Davis,Rex Davis
seed,P2259,Darius,Hurst,Darius Hurst
seed,P2260,Ethan,Stanley,Ethan Stanley
seed,P2261,Tyron,Jackson,Tyron Jackson
seed,P2262,Kasen,Williams,Kasen Williams
seed,P2263,A'marion,Keenum,A'marion Keenum
seed,P2264,Cole,Hedden,Cole Hedden
seed,P2265,Tyler,Brents,Tyler Brents
seed,P2266,Dante,M'Pemba,Dante M'Pemba
seed,P2267,Khyiris,Sigle,Khyiris Sigle
seed,P2268,Kyrik,Rea,Kyrik Rea
seed,P2269,Jalen,Marion III,Jalen Marion III
seed,P2270,Logan,Oladapo,Logan Oladapo
seed,P2271,Jed,Cox,Jed Cox
seed,P2272,Brodrick,Hamper,Brodrick Hamper
seed,P2273,Jaleel,Bright,Jaleel Bright
seed,P2274,Darius,Gracio,Darius Gracio
seed,P2275,Aaron,Vaughns,Aaron Vaughns
seed,P2276,Austin,Cross-Adams,Austin Cross-Adams
seed,P2277,AJ,Duff,AJ Duff
seed,P2278,Connor,Rodgers,Connor Rodgers
seed,P2279,Marcelles,Birden,Marcelles Birden
seed,P2280,Cole,Schuster,Cole Schuster
seed,P2281,Sevion,Osei-Wusu,Sevion Osei-Wusu
seed,P2282,Tyreke,Washington,Tyreke Washington
seed,P2283,Demitris,Cherelus,Demitris Cherelus
seed,P2284,Farell,Calvert,Farell Calvert
seed,P2285,Cameron,Hill,Cameron Hill
seed,P2286,Isaiah,Leavitt,Isaiah Leavitt
seed,P2287,Andrew,Royes,Andrew Royes
seed,P2288,Jamien,Lambert-Pipkin,Jamien Lambert-Pipkin
seed,P2289,Travis,Womack,Travis Womack
seed,P2290,Kelbee,Melvin,Kelbee Melvin
seed,P2291,Reese,Jones,Reese Jones
seed,P2292,Xavier,Harrell,Xavier Harrell
seed,P2293,Michael,Igwe,Michael Igwe
seed,P2294,Quincy,Samuela,Quincy Samuela
seed,P2295,Sydney,Wilson,Sydney Wilson
seed,P2296,Braden,Zamani,Braden Zamani
seed,P2297,Doug,Stancil,Doug Stancil
seed,P2298,Landon,Galvan,Landon Galvan
seed,P2299,Isiah,Zahursky,Isiah Zahursky
seed,P2300,Hayden,Dalessandro,Hayden Dalessandro
seed,P2301,Scotty,Gilmore IV,Scotty Gilmore IV
seed,P2302,Michael,McCrary,Michael McCrary
seed,P2303,Mose,Faraimo,Mose Faraimo
seed,P2304,Da'Ron,Person,Da'Ron Person
seed,P2305,Nicholas,Savoury,Nicholas Savoury
seed,P2306,Keonta,Washington,Keonta Washington
seed,P2307,Jaiden,Chamble,Jaiden Chamble
seed,P2308,Serigne,Greene,Serigne Greene
seed,P2309,Christian,Prothro,Christian Prothro
seed,P2310,Xavier,Garrett,Xavier Garrett
seed,P2311,Jacob,Barker,Jacob Barker
seed,P2312,Shelby,Bryant,Shelby Bryant
seed,P2313,Joaquin,Bishop Jr.,Joaquin Bishop Jr.
seed,P2314,Lagonza,Cox,Lagonza Cox
seed,P2315,Jeremy,Hoover,Jeremy Hoover
seed,P2316,Tae'Sean,Varelas,Tae'Sean Varelas
seed,P2317,Daniel,Antoine,Daniel Antoine
seed,P2318,Breezy,Davis,Breezy Davis
seed,P2319,Cedrick,Large,Cedrick Large
seed,P2320,Nathaniel,Sneed,Nathaniel Sneed
seed,P2321,Ibn,Humphrey,Ibn Humphrey
seed,P2322,Isaiah,Knutson,Isaiah Knutson
seed,P2323,Reese,Anene,Reese Anene
seed,P2324,Grant,Austin,Grant Austin
seed,P2325,Christian,Ogundele,Christian Ogundele
seed,P2326,David,Hardy,David Hardy
seed,P2327,Nickolas,Harris,Nickolas Harris
seed,P2328,Thomas,Griffin,Thomas Griffin
seed,P2329,Reese,Thorson,Reese Thorson
seed,P2330,Ryan,Fuller,Ryan Fuller
seed,P2331,Michael,Canty Jr.,Michael Canty Jr.
seed,P2332,Tristan,Stevens,Tristan Stevens
seed,P2333,Palmer,Black,Palmer Black
seed,P2334,Vance,Garrett,Vance Garrett
seed,P2335,Ethan,Mingo,Ethan Mingo
seed,P2336,Noah,Lassley,Noah Lassley
seed,P2337,TJ,Rios,TJ Rios
seed,P2338,Magnus,Morris,Magnus Morris
seed,P2339,Travis,Gamble,Travis Gamble
seed,P2340,Caden,Brooks,Caden Brooks
seed,P2341,Marcellus,Green,Marcellus Green
seed,P2342,John,Brabbs,John Brabbs
seed,P2343,Uar,Riggs,Uar Riggs
seed,P2344,Javon,Jones,Javon Jones
seed,P2345,Logan,Nwankpa,Logan Nwankpa
seed,P2346,Malik,Mattison,Malik Mattison
seed,P2347,Micheal,Goodman,Micheal Goodman
seed,P2348,Francis,Ballard,Francis Ballard
seed,P2349,Joseph,Tolo,Joseph Tolo
seed,P2350,Tyler,Prongos,Tyler Prongos
seed,P2351,Jaden,Wilson,Jaden Wilson
seed,P2352,Andre,Alexander-Felton,Andre Alexander-Felton
seed,P2353,Croix,Ross,Croix Ross
seed,P2354,Jeremiah,Chappell,Jeremiah Chappell
seed,P2355,Hunter,Rutledge,Hunter Rutledge
seed,P2356,Ethan,Camac,Ethan Camac
seed,P2357,Elijah,Carter,Elijah Carter
seed,P2358,Rakeem,Jones Jr.,Rakeem Jones Jr.
seed,P2359,James,Petty,James Petty
seed,P2360,Darrion,Cobbs,Darrion Cobbs
seed,P2361,Jordan,Garcia,Jordan Garcia
seed,P2362,LaDainian,Burlingame,LaDainian Burlingame
seed,P2363,Jayden,Gaskins,Jayden Gaskins
seed,P2364,Gabriel,Wesco Jr.,Gabriel Wesco Jr.
seed,P2365,Zach,Cowart,Zach Cowart
seed,P2366,Paul,Huber,Paul Huber
seed,P2367,Jermaine,McFarland,Jermaine McFarland
seed,P2368,Isaiah,Randolph,Isaiah Randolph
seed,P2369,Reagan,Dillard,Reagan Dillard
seed,P2370,Shed,Porto,Shed Porto
seed,P2371,Cedric,Josephs,Cedric Josephs
seed,P2372,Thomas,Bond,Thomas Bond
seed,P2373,Nick,Seay,Nick Seay
seed,P2374,Jaxson,McGary,Jaxson McGary
seed,P2375,Evan,Humphrey,Evan Humphrey
seed,P2376,Damier,Griffin,Damier Griffin
seed,P2377,Prince,Mahoney III,Prince Mahoney III
seed,P2378,Damien,Chambliss,Damien Chambliss
seed,P2379,Myles,Pegan,Myles Pegan
seed,P2380,Josh,Mulder,Josh Mulder
seed,P2381,Decorion,Culliver,Decorion Culliver
seed,P2382,Xavier,Martin,Xavier Martin
seed,P2383,Bradley,Vaught,Bradley Vaught
seed,P2384,Taje,Layne,Taje Layne
seed,P2385,Kobee,Beckham,Kobee Beckham
seed,P2386,Zach,Dangler,Zach Dangler
seed,P2387,Anthony,Thompson,Anthony Thompson
seed,P2388,Kolby,Maggio,Kolby Maggio
seed,P2389,Adam,Wonnum,Adam Wonnum
seed,P2390,Peyton,Finau,Peyton Finau
seed,P2391,Ethan,Lynch,Ethan Lynch
seed,P2392,Ashton,Browne,Ashton Browne
seed,P2393,Myles,Cisco,Myles Cisco
seed,P2394,Adam,Robinson,Adam Robinson
seed,P2395,Jordan,Liedtke,Jordan Liedtke
seed,P2396,Ashten,McCalister,Ashten McCalister
seed,P2397,Carlos,Gullette,Carlos Gullette
seed,P2398,Drake,Brown,Drake Brown
seed,P2399,Joel,Malafa,Joel Malafa
seed,P2400,Nick,Hawkins Jr.,Nick Hawkins Jr.
seed,P2401,Devyon,Woods,Devyon Woods
seed,P2402,Owen,Meese,Owen Meese
seed,P2403,Nikhai,Johnson,Nikhai Johnson
seed,P2404,Cam,Jenkins,Cam Jenkins
seed,P2405,Zaylen,Felton,Zaylen Felton
seed,P2406,Kevin,Hunter,Kevin Hunter
seed,P2407,Jacory,Bell,Jacory Bell
seed,P2408,Levi,Fryar,Levi Fryar
seed,P2409,Rylan,Singleton,Rylan Singleton
seed,P2410,Khalil,Bennett,Khalil Bennett
seed,P2411,Simon,Cooke,Simon Cooke
seed,P2412,Bo,Stowers,Bo Stowers
seed,P2413,Zach,Su'esu'e,Zach Su'esu'e
seed,P2414,Owen,Marshall,Owen Marshall
seed,P2415,Jerry,Mapu,Jerry Mapu
seed,P2416,Elic,Christian,Elic Christian
seed,P2417,Jaylen,Hamilton Sr,Jaylen Hamilton Sr
seed,P2418,Jonathan,Royal III,Jonathan Royal III
seed,P2419,Ethan,James,Ethan James
seed,P2420,Abdul,Vea,Abdul Vea
seed,P2421,Taariq,Fobbs-White,Taariq Fobbs-White
seed,P2422,Javonte,Urionabarrenechea,Javonte Urionabarrenechea
seed,P2423,Dylan,Wood,Dylan Wood
seed,P2424,Jason,Cherry,Jason Cherry
seed,P2425,Cooper,Noel,Cooper Noel
seed,P2426,Jake,Scott,Jake Scott
seed,P2427,Elijah,Epling,Elijah Epling
seed,P2428,Cole,Lee,Cole Lee
seed,P2429,Scott,Brunswick II,Scott Brunswick II
seed,P2430,Monroe,Nix Jr,Monroe Nix Jr
seed,P2431,Ja'Bril,Katoanga,Ja'Bril Katoanga
seed,P2432,JeyQuan,Coates,JeyQuan Coates
seed,P2433,Nii,Aiono,Nii Aiono
seed,P2434,Max,Collins,Max Collins
seed,P2435,Brandon,Starnes,Brandon Starnes
seed,P2436,Jahari,Pruitt,Jahari Pruitt
seed,P2437,Alexander,Lee,Alexander Lee
seed,P2438,Tyreek,Caldwell,Tyreek Caldwell
seed,P2439,Chris,Lewis,Chris Lewis
seed,P2440,Wolf,Jennings,Wolf Jennings
seed,P2441,Blake,Pulliam,Blake Pulliam
seed,P2442,Elliott,Okuayinonu,Elliott Okuayinonu
seed,P2443,Scoop,Chambliss,Scoop Chambliss
seed,P2444,Donovan,Poyser,Donovan Poyser
seed,P2445,Naquan,Yiadom,Naquan Yiadom
seed,P2446,Cam'Ron,Tilmon,Cam'Ron Tilmon
seed,P2447,Carlos,Scriber,Carlos Scriber
seed,P2448,Brock,Anes,Brock Anes
seed,P2449,Jackson,Bates,Jackson Bates
seed,P2450,Xander,Barnhardt,Xander Barnhardt
seed,P2451,Elijah,Francois,Elijah Francois
seed,P2452,Kwity,Michel,Kwity Michel
seed,P2453,Justin,Jennings,Justin Jennings
seed,P2454,Garrett,Richardson,Garrett Richardson
seed,P2455,Major,Moore,Major Moore
seed,P2456,Eidan,Fitzmaurice,Eidan Fitzmaurice
seed,P2457,Jack,Clarke,Jack Clarke
seed,P2458,Bryce,Miller,Bryce Miller
seed,P2459,Cole,Epps,Cole Epps
seed,P2460,Carlos,Henry,Carlos Henry
seed,P2461,Derrion,Haley,Derrion Haley
seed,P2462,Trevor,Singleton,Trevor Singleton
seed,P2463,Rayuan,Seidl,Rayuan Seidl
seed,P2464,Blake,Renaud,Blake Renaud
seed,P2465,Jamar,Biles,Jamar Biles
seed,P2466,Wesley,Hatcher Jr.,Wesley Hatcher Jr.
seed,P2467,Wyatt,Moody III,Wyatt Moody III
seed,P2468,Dawson,Boyd,Dawson Boyd
seed,P2469,Ryan,Gossett,Ryan Gossett
seed,P2470,Anas,Kubay,Anas Kubay
seed,P2471,Jayden,Sierra,Jayden Sierra
seed,P2472,Drew,Fashanu,Drew Fashanu
seed,P2473,Nate,Brooks,Nate Brooks
seed,P2474,Semaj,Ruth,Semaj Ruth
seed,P2475,Trae'shawn,Nolan,Trae'shawn Nolan
seed,P2476,Kenny,White-McClain,Kenny White-McClain
seed,P2477,Collin,Williams,Collin Williams
seed,P2478,Jarrian,Imasuen,Jarrian Imasuen
seed,P2479,Chaston,Rigby,Chaston Rigby
seed,P2480,Joeseph,Phillips,Joeseph Phillips
seed,P2481,Jesse,Schilke,Jesse Schilke
seed,P2482,Tyderick,Rohe,Tyderick Rohe
seed,P2483,Max,Rainer,Max Rainer
seed,P2484,Josiah,Kuol II,Josiah Kuol II
seed,P2485,Kobie,Jamerson,Kobie Jamerson
seed,P2486,Jack,Taylor,Jack Taylor
seed,P2487,Isaac,O'Haire,Isaac O'Haire
seed,P2488,Mitchell,Raynor,Mitchell Raynor
seed,P2489,Xavier,Harris,Xavier Harris
seed,P2490,Darryl,Stone,Darryl Stone
seed,P2491,Logologo,Brown,Logologo Brown
seed,P2492,Kade,Sareyka,Kade Sareyka
seed,P2493,Tommy,Robinson,Tommy Robinson
seed,P2494,Ryan,Fenimore,Ryan Fenimore
seed,P2495,Maurice,Heckel,Maurice Heckel
seed,P2496,Denim,Warren,Denim Warren
seed,P2497,Wihtlley,Green Jr.,Wihtlley Green Jr.
seed,P2498,Jordan,Veney,Jordan Veney
seed,P2499,Ryan,Moore III,Ryan Moore III
seed,P2500,Amari,Brown,Amari Brown
seed,P2501,Nick,Bowman,Nick Bowman
seed,P2502,Karl,Clark,Karl Clark
seed,P2503,Tyler,Jefferson,Tyler Jefferson
seed,P2504,Kam,Pule,Kam Pule
seed,P2505,Alessio,Bryson,Alessio Bryson
seed,P2506,Damon,Rose,Damon Rose
seed,P2507,Khalil,Williamson Jr.,Khalil Williamson Jr.
seed,P2508,Xavier,Fenner,Xavier Fenner
seed,P2509,Kameron,Weatherspoon,Kameron Weatherspoon
seed,P2510,Tracy,Koger,Tracy Koger
seed,P2511,Sam,Wilson,Sam Wilson
seed,P2512,Jakob,Fuller Jr.,Jakob Fuller Jr.
seed,P2513,Brenden,Kareem,Brenden Kareem
seed,P2514,Tip,Stevenson,Tip Stevenson
seed,P2515,Tyclean,Davis Jr.,Tyclean Davis Jr.
seed,P2516,David,Dialls,David Dialls
seed,P2517,JJ,Frazier,JJ Frazier
seed,P2518,Nicsaint,Primus,Nicsaint Primus
seed,P2519,Makana,Brown,Makana Brown
seed,P2520,TJ,Maynard,TJ Maynard
seed,P2521,Solomon,Rios,Solomon Rios
seed,P2522,Drew,Dillard-Allen,Drew Dillard-Allen
seed,P2523,Deuce,Alcorn-Crowder,Deuce Alcorn-Crowder
seed,P2524,Ta'Avili,Jones,Ta'Avili Jones
seed,P2525,Shaun,Omohundro,Shaun Omohundro
seed,P2526,DJ,Sydnor,DJ Sydnor
seed,P2527,Rachaad,Odinjor,Rachaad Odinjor
seed,P2528,Isiah,Gallegos,Isiah Gallegos
seed,P2529,JaMarion,Overshown,JaMarion Overshown
seed,P2530,Tom,Shrader,Tom Shrader
seed,P2531,Tyrell,Burrell,Tyrell Burrell
seed,P2532,Corey,Yarbrough,Corey Yarbrough
seed,P2533,Matt,Mitchell,Matt Mitchell
seed,P2534,PaLanding,Wolfenden,PaLanding Wolfenden
seed,P2535,Jonathan,Patterson,Jonathan Patterson
seed,P2536,Patrick,Willich,Patrick Willich
seed,P2537,Dave,McClure,Dave McClure
seed,P2538,Suntarine,Hughbanks,Suntarine Hughbanks
seed,P2539,Javion,Grovesteen-Matchey,Javion Grovesteen-Matchey
seed,P2540,Jamonta,Swinney,Jamonta Swinney
seed,P2541,Messiah,Strey,Messiah Strey
seed,P2542,Steven,Stevenson,Steven Stevenson
seed,P2543,Dennis,Talib,Dennis Talib
seed,P2544,Logan,Raphael,Logan Raphael
seed,P2545,Trenton,Whetsell,Trenton Whetsell
seed,P2546,Carson,Harrell,Carson Harrell
seed,P2547,Mike,Thompson,Mike Thompson
seed,P2548,Omar,McKinney,Omar McKinney
seed,P2549,Corey,Akih,Corey Akih
seed,P2550,Fawzy,Ingram,Fawzy Ingram
seed,P2551,CJ,Vaught,CJ Vaught
seed,P2552,Rodney,Gray,Rodney Gray
seed,P2553,Jaquez,Robinson,Jaquez Robinson
seed,P2554,Tyler,Likely,Tyler Likely
seed,P2555,Macguire,Brazzell,Macguire Brazzell
seed,P2556,Jalen,Surtain,Jalen Surtain
seed,P2557,Ifeatu,Fleming,Ifeatu Fleming
seed,P2558,Arion,Preston,Arion Preston
seed,P2559,Vincent,Mbakwe,Vincent Mbakwe
seed,P2560,Carsten,Ezeudu,Carsten Ezeudu
seed,P2561,Myles,Dees,Myles Dees
seed,P2562,Quinn,Morcos,Quinn Morcos
seed,P2563,Jack,Resar,Jack Resar
seed,P2564,Conor,Pirolli,Conor Pirolli
seed,P2565,Darion,Bradley,Darion Bradley
seed,P2566,Peyton,Brewer,Peyton Brewer
seed,P2567,Kayvon,Hall,Kayvon Hall
seed,P2568,Ethan,Caine,Ethan Caine
seed,P2569,Mason,Majors,Mason Majors
seed,P2570,Kani,Little,Kani Little
seed,P2571,Jerrick,Campbell,Jerrick Campbell
seed,P2572,Rashard,Wilbanks,Rashard Wilbanks
seed,P2573,Jasper,Clark,Jasper Clark
seed,P2574,Christian,Steptoe,Christian Steptoe
seed,P2575,Logan,Dieterich,Logan Dieterich
seed,P2576,King,Soliai,King Soliai
seed,P2577,Hunter,Fitzgerald,Hunter Fitzgerald
seed,P2578,Evan,Reiman,Evan Reiman
seed,P2579,Grant,Jones,Grant Jones
seed,P2580,Dahvon,Harris,Dahvon Harris
seed,P2581,Gabe,Morris,Gabe Morris
seed,P2582,Max,Clerk,Max Clerk
seed,P2583,Donovan,Speed,Donovan Speed
seed,P2584,Massiah,Holland II,Massiah Holland II
seed,P2585,Zach,Clark,Zach Clark
seed,P2586,Will,Degraffenreid,Will Degraffenreid
seed,P2587,Max,Walker,Max Walker
seed,P2588,Ben,Williams,Ben Williams
seed,P2589,Eltoum,Cooper,Eltoum Cooper
seed,P2590,Nicsaint,Prieskorn,Nicsaint Prieskorn
seed,P2591,Cameron,Fletcher,Cameron Fletcher
seed,P2592,Kamron,Collins,Kamron Collins
seed,P2593,Evan,Winsor,Evan Winsor
seed,P2594,Alex,Sexton,Alex Sexton
seed,P2595,Na'Rod,Watson,Na'Rod Watson
seed,P2596,Latrelle,Willich,Latrelle Willich
seed,P2597,Jalon,Robinson,Jalon Robinson
seed,P2598,Amari,Martin,Amari Martin
seed,P2599,Elija,Cunningham,Elija Cunningham
seed,P2600,Cole,Solomon,Cole Solomon
seed,P2601,Hudson,Gibbs,Hudson Gibbs
seed,P2602,Jeramiah,Bradley,Jeramiah Bradley
seed,P2603,Mikey,Jackson,Mikey Jackson
seed,P2604,Bryant,Fordham,Bryant Fordham
seed,P2605,Tyler,Galloway,Tyler Galloway
seed,P2606,Elmo,Wilson,Elmo Wilson
seed,P2607,Devin,Mulhern,Devin Mulhern
seed,P2608,Jovan,Wallace,Jovan Wallace
